"taxon","Phylum","Class","Order","Family","Genus","Species","beta_season","se_season","ci_lo","ci_hi","z","p","p_adj","sig","separation","w_abund"
"OTU70","Ascomycota","Dothideomycetes","Pleosporales","Melanommataceae","Unassigned","Unassigned",1295.09065893738,6.15256639731532,1283.03162879864,1307.14968907612,210.496006918754,0,0,TRUE,TRUE,18958
"OTU290","Ascomycota","Leotiomycetes","Phacidiales","Phacidiaceae","Unassigned","Unassigned",1203.4682156355,2.87378916012244,1197.83558888166,1209.10084238934,418.774011794318,0,0,TRUE,TRUE,240053
"OTU1249","Basidiomycota","Tremellomycetes","Filobasidiales","Filobasidiaceae","Goffeauzyma","gastrica 2",765.381672533084,5.56559801570614,754.4731004223,776.290244643868,137.520113808646,0,0,TRUE,TRUE,1683
"OTU720","Basidiomycota","Tremellomycetes","Filobasidiales","Piskurozymaceae","Piskurozyma","arborea 3",755.561444617519,8.18582344597707,739.517230663404,771.605658571634,92.3012143621104,0,0,TRUE,TRUE,3998
"OTU1292","Ascomycota","Dothideomycetes","Pleosporales","Phaeosphaeriaceae","Parastagonospora","Unassigned",746.184068351095,5.70916918498468,734.994096748525,757.374039953665,130.699239096572,0,0,TRUE,TRUE,1630
"OTU793","Ascomycota","Dothideomycetes","Pleosporales","Sporormiaceae","Sporormiella","Unassigned",742.831693797475,8.13410737271994,726.888843346944,758.774544248006,91.3230745255188,0,0,TRUE,TRUE,3737
"OTU640","Basidiomycota","Microbotryomycetes","Microbotryomycetes_ord_Incertae_sedis","Microbotryomycetes_fam_Incertae_sedis","Unassigned","Unassigned",658.764393092193,3.73161961583971,651.450418645148,666.078367539239,176.535783630228,0,0,TRUE,TRUE,4849
"OTU1364","Basidiomycota","Tremellomycetes","Filobasidiales","Piskurozymaceae","Piskurozyma","fildesensis 2",399.090569611728,2.20126029854917,394.776099426572,403.405039796885,181.300943770605,0,0,TRUE,TRUE,1095
"OTU41","Basidiomycota","Tremellomycetes","Filobasidiales","Filobasidiaceae","Goffeauzyma","gastrica 1",378.659095200483,3.40906793469552,371.97732204848,385.340868352487,111.074083137714,0,0,TRUE,TRUE,20242
"OTU1181","Ascomycota","Leotiomycetes","Helotiales","Hyaloscyphaceae","Unassigned","Unassigned",344.114776091945,1.93783519506704,340.316619109613,347.912933074276,177.576904871954,0,0,TRUE,TRUE,2833
"OTU568","Basidiomycota","Microbotryomycetes","Kriegeriales","Kriegeriaceae","Phenoliferia","Unassigned",327.831920661031,5.56766737535237,316.919292605341,338.744548716722,58.8813768064374,0,0,TRUE,TRUE,6063
"OTU1313","Basidiomycota","Tremellomycetes","Cystofilobasidiales","Mrakiaceae","Krasilnikovozyma","tahquamenonensis",318.550842879238,4.8074564297642,309.1282282769,327.973457481576,66.2618262969598,0,0,TRUE,TRUE,1370
"OTU1153","Basidiomycota","Tremellomycetes","Filobasidiales","Piskurozymaceae","Piskurozyma","Unassigned",310.824416000776,2.50490694306841,305.914798392362,315.73403360919,124.086212807582,0,0,TRUE,TRUE,2880
"OTU918","Basidiomycota","Tremellomycetes","Cystofilobasidiales","Mrakiaceae","Krasilnikovozyma","huempii 1",281.242305763031,7.24458859824285,267.042912110475,295.441699415587,38.8210181915982,0,0,TRUE,TRUE,3303
"OTU22","Ascomycota","Dothideomycetes","Pleosporales","Sporormiaceae","Unassigned","Unassigned",266.628545749651,2.11410472478736,262.484900489068,270.772191010234,126.118892135993,0,0,TRUE,TRUE,21081
"OTU1252","Ascomycota","Leotiomycetes","Unassigned","Unassigned","Unassigned","Unassigned",254.746809235432,1.8203824554685,251.178859622714,258.314758848151,139.941366974925,0,0,TRUE,TRUE,2029
"OTU1411","Basidiomycota","Agaricomycetes","Cantharellales","Ceratobasidiaceae","Unassigned","Unassigned",253.76440568443,6.38431060321265,241.251156902133,266.277654466727,39.7481296659867,0,0,TRUE,TRUE,1421
"OTU1280","Basidiomycota","Tremellomycetes","Filobasidiales","Piskurozymaceae","Piskurozyma","silvicultrix",250.193733319411,2.04030258591967,246.194740251009,254.192726387814,122.625798274248,0,0,TRUE,TRUE,1714
"OTU676","Basidiomycota","Tremellomycetes","Filobasidiales","Piskurozymaceae","Piskurozyma","cylindrica 3",238.231461467506,2.49426980975735,233.342692640381,243.12023029463,95.5115042228256,0,0,TRUE,TRUE,4556
"OTU1227","Basidiomycota","Tremellomycetes","Tremellales","Phaeotremellaceae","Phaeotremella","Unassigned",238.197964945853,1.64018898530853,234.983194534648,241.412735357057,145.225926450815,0,0,TRUE,TRUE,2754
"OTU1236","Ascomycota","Leotiomycetes","Helotiales","Lachnaceae","Lachnellula","Unassigned",225.190469949945,1.62638161076855,222.002761992838,228.378177907051,138.461028124593,0,0,TRUE,TRUE,2262
"OTU1420","Ascomycota","Leotiomycetes","Phacidiales","Phacidiaceae","Unassigned","Unassigned",212.311452996181,3.35186421665882,205.74179913153,218.881106860832,63.3413048001735,0,0,TRUE,TRUE,530129
"OTU392","Ascomycota","Candelariomycetes","Candelariales","Pycnoraceae","Pycnora","Unassigned",211.194599427392,0.927205174914136,209.37727728456,213.011921570224,227.775475311546,0,0,TRUE,TRUE,10491
"OTU465","Ascomycota","Sordariomycetes","Amphisphaeriales","Unassigned","Unassigned","Unassigned",208.214044188508,8.18008770709264,192.181072282606,224.247016094409,25.4537667130358,6.41318301085366e-143,1.62566732135593e-142,TRUE,TRUE,8403
"OTU1207","Ascomycota","Leotiomycetes","Helotiales","Helotiales_fam_Incertae_sedis","Humicolopsis","cephalosporioides",203.478577036176,2.01912806835507,199.5210860222,207.436068050152,100.775468493162,0,0,TRUE,TRUE,2234
"OTU316","Ascomycota","Dothideomycetes","Pleosporales","Melanommataceae","Unassigned","Unassigned",193.701599354006,1.73038270760804,190.310049247094,197.093149460918,111.941478900795,0,0,TRUE,TRUE,11948
"OTU1263","Basidiomycota","Pucciniomycetes","Platygloeales","Eocronartiaceae","Eocronartium","Unassigned",180.159637727749,1.81253618025982,176.60706681444,183.712208641059,99.3964367110865,0,0,TRUE,TRUE,1883
"OTU1388","Basidiomycota","Microbotryomycetes","Microbotryomycetes_ord_Incertae_sedis","Microbotryomycetes_fam_Incertae_sedis","Pseudohyphozyma","Unassigned",178.258462761923,1.47453707964615,175.368370085816,181.148555438029,120.89113608774,0,0,TRUE,TRUE,1020
"OTU1209","Ascomycota","Leotiomycetes","Helotiales","Lachnaceae","Unassigned","Unassigned",173.414279918598,5.71820841083594,162.206591433359,184.621968403836,30.3266805718343,5.10136394828364e-202,1.334516808871e-201,TRUE,TRUE,1262
"OTU1366","Basidiomycota","Tremellomycetes","Tremellales","Bulleribasidiaceae","Vishniacozyma","victoriae 7",169.478792827573,2.60647385594845,164.370104069914,174.587481585232,65.0222492893189,0,0,TRUE,TRUE,1081
"OTU1339","Ascomycota","Unassigned","Unassigned","Unassigned","Unassigned","Unassigned",166.695309130627,4.30324095842964,158.260956852105,175.129661409149,38.7371543311063,0,0,TRUE,TRUE,1220
"OTU1400","Ascomycota","Eurotiomycetes","Chaetothyriales","Unassigned","Unassigned","Unassigned",163.066677369245,1.50304559046277,160.120708011938,166.012646726552,108.490839136183,0,0,TRUE,TRUE,28978
"OTU295","Ascomycota","Leotiomycetes","Helotiales","Unassigned","Unassigned","Unassigned",161.349197974815,1.50807280625289,158.39337527456,164.305020675071,106.990323879468,0,0,TRUE,TRUE,23594
"OTU38","Chytridiomycota","Spizellomycetes","Spizellomycetales","Spizellomycetales_fam_Incertae_sedis","Spizellomycetales_gen_Incertae_sedis","Unassigned",158.167111779163,1.24887646959027,155.719313898766,160.61490965956,126.647523298324,0,0,TRUE,TRUE,21052
"OTU1455","Ascomycota","Orbiliomycetes","Orbiliales","Unassigned","Unassigned","Unassigned",154.567587541439,1.20805219967305,152.19980523008,156.935369852798,127.947772110569,0,0,TRUE,TRUE,24963
"OTU253","Basidiomycota","Agaricomycetes","Atheliales","Atheliaceae","Tylospora","asterophora 2",153.921691205696,1.22994426770723,151.51100044099,156.332381970402,125.145256778687,0,0,TRUE,TRUE,13235
"OTU137","Ascomycota","Leotiomycetes","Helotiales","Unassigned","Unassigned","Unassigned",152.238772759454,1.42973284903614,149.436496375344,155.041049143565,106.480572830153,0,0,TRUE,TRUE,23161
"OTU1362","Basidiomycota","Microbotryomycetes","Microbotryomycetes_ord_Incertae_sedis","Chrysozymaceae","Bannozyma","Unassigned",150.490926488496,1.5245280277416,147.502851554123,153.47900142287,98.7131254723014,0,0,TRUE,TRUE,1095
"OTU767","Ascomycota","Dothideomycetes","Pleosporales","Sporormiaceae","Sporormiella","intermedia 3",150.306139618133,10.4406382814492,129.842488586492,170.769790649773,14.3962596506379,5.46205696951799e-47,1.2068193439408e-46,TRUE,TRUE,4501
"OTU1353","Basidiomycota","Agaricomycetes","Cantharellales","Hydnaceae","Sistotrema","Unassigned",150.015124537606,1.1861744882321,147.690222540671,152.340026534541,126.46969398338,0,0,TRUE,TRUE,32280
"OTU1321","Basidiomycota","Agaricomycetes","Russulales","Russulaceae","Lactarius","hysginus",144.466861577131,1.58379841313022,141.362616687395,147.571106466866,91.2154352343405,0,0,TRUE,TRUE,1383
"OTU1378","Ascomycota","Saccharomycetes","Saccharomycetales","Saccharomycetales_fam_Incertae_sedis","Saccharomycetales_gen_Incertae_sedis","Unassigned",143.496327729164,1.77670869416038,140.013978688609,146.978676769718,80.7652533028075,0,0,TRUE,TRUE,1046
"OTU1392","Basidiomycota","Microbotryomycetes","Microbotryomycetes_ord_Incertae_sedis","Chrysozymaceae","Bannozyma","Unassigned",137.306192436149,1.62122674364,134.128588018615,140.483796853683,84.6927753781481,0,0,TRUE,TRUE,1057
"OTU1286","Ascomycota","Leotiomycetes","Unassigned","Unassigned","Unassigned","Unassigned",137.170287262681,2.00896156206273,133.232722601038,141.107851924324,68.2791994894315,0,0,TRUE,TRUE,1623
"OTU1067","Basidiomycota","Agaricomycetes","Thelephorales","Thelephoraceae","Thelephora","terrestris 2",136.845843500603,1.56068349505108,133.786903850303,139.904783150903,87.6832771888345,0,0,TRUE,TRUE,2975
"OTU1304","Basidiomycota","Agaricomycetes","Agaricales","Inocybaceae","Inocybe","striipes",135.679405773584,1.97861332370238,131.801323659127,139.55748788804,68.5729769168341,0,0,TRUE,TRUE,1571
"OTU1219","Ascomycota","Unassigned","Unassigned","Unassigned","Unassigned","Unassigned",135.567192555037,1.56658144321836,132.496692926329,138.637692183745,86.5369579997897,0,0,TRUE,TRUE,2528
"OTU1288","Basidiomycota","Tremellomycetes","Filobasidiales","Piskurozymaceae","Piskurozyma","Unassigned",134.688666438569,1.22758074938496,132.282608169775,137.094724707364,109.718783473959,0,0,TRUE,TRUE,1591
"OTU1282","Mucoromycota","Umbelopsidomycetes","Umbelopsidales","Umbelopsidaceae","Umbelopsis","Unassigned",131.207413187272,2.11981168672068,127.052582281299,135.362244093244,61.8957872575219,0,0,TRUE,TRUE,2612
"OTU1222","Ascomycota","Dothideomycetes","Venturiales","Venturiaceae","Venturia","Unassigned",130.770981864563,2.03025864907822,126.79167491237,134.750288816756,64.4109960688683,0,0,TRUE,TRUE,2446
"OTU1224","Basidiomycota","Tremellomycetes","Cystofilobasidiales","Mrakiaceae","Mrakia","Unassigned",126.756163247028,8.57427377153507,109.950586654819,143.561739839237,14.7833118727599,1.87704696889427e-49,4.17547182876481e-49,TRUE,TRUE,2430
"OTU1001","Ascomycota","Unassigned","Unassigned","Unassigned","Unassigned","Unassigned",126.108328191907,2.11629745623593,121.960385177685,130.25627120613,59.5891318681661,0,0,TRUE,TRUE,3098
"OTU1377","Ascomycota","Eurotiomycetes","Sclerococcales","Dactylosporaceae","Sclerococcum","Unassigned",124.61720872626,1.44470307200838,121.785590705123,127.448826747396,86.2580077115921,0,0,TRUE,TRUE,1052
"OTU869","Ascomycota","Leotiomycetes","Helotiales","Discinellaceae","Articulospora","Unassigned",124.159550906448,1.999958456255,120.239632332188,128.079469480708,62.0810649931906,0,0,TRUE,TRUE,3368
"OTU1336","Ascomycota","Dothideomycetes","Pleosporales","Sporormiaceae","Unassigned","Unassigned",123.684673154672,1.44811044515356,120.846376682171,126.522969627173,85.411077289451,0,0,TRUE,TRUE,36430
"OTU478","Ascomycota","Leotiomycetes","Unassigned","Unassigned","Unassigned","Unassigned",121.931239279547,1.14100882908815,119.694861974534,124.16761658456,106.862660630759,0,0,TRUE,TRUE,7369
"OTU1218","Ascomycota","Leotiomycetes","Phacidiales","Phacidiaceae","Allantophomopsiella","pseudotsugae",120.425743515564,2.92384045736817,114.695016219122,126.156470812005,41.1875221208076,0,0,TRUE,TRUE,2565
"OTU1247","Ascomycota","Dothideomycetes","Pleosporales","Melanommataceae","Unassigned","Unassigned",112.789953401954,5.64028128608979,101.735002081218,123.84490472269,19.9972213584666,5.82274797887721e-89,1.38980918911887e-88,TRUE,TRUE,2110
"OTU363","Ascomycota","Orbiliomycetes","Orbiliales","Unassigned","Unassigned","Unassigned",104.716965377369,3.30233758808397,98.2443837047245,111.189547050014,31.7099516885329,1.13290875835955e-220,2.98759003212559e-220,TRUE,TRUE,10016
"OTU291","Ascomycota","Dothideomycetes","Pleosporales","Melanommataceae","Unassigned","Unassigned",104.516378042184,6.52942622184491,91.7187026473684,117.314053437,16.0069774113556,1.14225665833067e-57,2.61201347744146e-57,TRUE,TRUE,12408
"OTU450","Ascomycota","Dothideomycetes","Venturiales","Venturiaceae","Unassigned","Unassigned",103.542266399659,3.06959989135911,97.525850612595,109.558682186723,33.7315187856011,1.99552541367479e-249,5.52997296840387e-249,TRUE,TRUE,4495
"OTU1213","Basidiomycota","Microbotryomycetes","Kriegeriales","Kriegeriaceae","Phenoliferia","Unassigned",102.842733705277,10.8862246602658,81.505733371156,124.179734039398,9.44705229909942,3.4850666357939e-21,7.16740119436859e-21,TRUE,TRUE,2698
"OTU1115","Basidiomycota","Malasseziomycetes","Malasseziales","Malasseziaceae","Malassezia","Unassigned",102.815747320805,2.70285570712447,97.5181501348413,108.113344506769,38.0396730205733,0,0,TRUE,TRUE,2978
"OTU1367","Ascomycota","Leotiomycetes","Helotiales","Pezizellaceae","Unassigned","Unassigned",99.8321053954283,9.01891267756799,82.1550365473951,117.509174243462,11.0691952527418,1.76982762365449e-28,3.66287109452543e-28,TRUE,TRUE,1080
"OTU1277","Basidiomycota","Tremellomycetes","Filobasidiales","Piskurozymaceae","Piskurozyma","Unassigned",92.9265817414777,2.58278184794922,87.8643293194973,97.9888341634582,35.9792608172709,1.76556683801315e-283,5.06438908798508e-283,TRUE,TRUE,1744
"OTU1250","Basidiomycota","Tremellomycetes","Tremellales","Bulleribasidiaceae","Vishniacozyma","victoriae 4",91.5963702628634,0.80082454424023,90.0267541561525,93.1659863695742,114.377576114084,0,0,TRUE,TRUE,62291
"OTU1214","Basidiomycota","Microbotryomycetes","Microbotryomycetes_ord_Incertae_sedis","Microbotryomycetes_fam_Incertae_sedis","Pseudoleucosporidium","fasciculatum",89.4904667483698,1.05797002445347,87.416845500441,91.5640879962986,84.5869586849584,0,0,TRUE,TRUE,2615
"OTU653","Basidiomycota","Agaricomycetes","Cantharellales","Ceratobasidiaceae","Ceratobasidium","Unassigned",87.8589587586782,1.89722131277508,84.1404049856391,91.5775125317174,46.3092830378161,0,0,TRUE,TRUE,137117
"OTU819","Basidiomycota","Tremellomycetes","Cystofilobasidiales","Mrakiaceae","Mrakia","robertii 2",74.532000837781,2.4804912329758,69.6702380211485,79.3937636544136,30.047274445863,2.36985725717281e-198,6.15034383409135e-198,TRUE,TRUE,3795
"OTU1216","Basidiomycota","Agaricomycetes","Cantharellales","Ceratobasidiaceae","Ceratobasidium","Unassigned",70.7066888158629,2.9240655589191,64.9755203203814,76.4378573113443,24.1809519626502,3.52964939935412e-129,8.67816055329924e-129,TRUE,TRUE,72845
"OTU1316","Basidiomycota","Tremellomycetes","Filobasidiales","Piskurozymaceae","Piskurozyma","Unassigned",61.7137261529612,3.64414011659194,54.571211524441,68.8562407814814,16.9350585264205,2.48111510404522e-64,5.75407545406231e-64,TRUE,TRUE,1354
"OTU214","Ascomycota","Leotiomycetes","Phacidiales","Phacidiaceae","Unassigned","Unassigned",60.6587995475622,2.95346789128908,54.8700024806356,66.4475966144888,20.538161165208,9.82110730562944e-94,2.36139859480943e-93,TRUE,TRUE,14513
"OTU956","Ascomycota","Dothideomycetes","Mycosphaerellales","Teratosphaeriaceae","Meristemomyces","Unassigned",56.3610331463637,1.202684859322,54.0037708220926,58.7182954706348,46.8626778740165,0,0,TRUE,TRUE,3182
"OTU1234","Basidiomycota","Tremellomycetes","Cystofilobasidiales","Mrakiaceae","Mrakia","Unassigned",53.0145237792853,1.59086000727686,49.8964381650226,56.1326093935479,33.3244430916536,1.70905902952989e-243,4.65718585546896e-243,TRUE,TRUE,2370
"OTU661","Basidiomycota","Tremellomycetes","Filobasidiales","Piskurozymaceae","Piskurozyma","Unassigned",52.9468934654312,1.21607674312892,50.5633830488985,55.3304038819639,43.5391053768538,0,0,TRUE,TRUE,4774
"OTU1360","Basidiomycota","Tremellomycetes","Filobasidiales","Filobasidiales_fam_Incertae_sedis","Filobasidiales_gen_Incertae_sedis","Unassigned",52.3995385001901,2.74995468274544,47.0096273220091,57.7894496783712,19.0546916387279,6.00694086797142e-81,1.41314364304076e-80,TRUE,TRUE,1722
"OTU984","Ascomycota","Dothideomycetes","Venturiales","Venturiaceae","Unassigned","Unassigned",51.9770098186524,1.35573692458376,49.3197654464682,54.6342541908365,38.3385661894623,0,0,TRUE,TRUE,3139
"OTU1432","Ascomycota","Dothideomycetes","Venturiales","Venturiaceae","Unassigned","Unassigned",51.5644474047285,1.0770882643112,49.4533544066785,53.6755404027784,47.8739292900048,0,0,TRUE,TRUE,26204
"OTU776","Basidiomycota","Tremellomycetes","Filobasidiales","Piskurozymaceae","Piskurozyma","taiwanensis 2",47.3160504102216,1.19205967264078,44.9796134518457,49.6524873685975,39.6926861097499,0,0,TRUE,FALSE,3822
"OTU423","Ascomycota","Sordariomycetes","Hypocreales","Hypocreaceae","Trichoderma","Unassigned",45.7008966416886,2.39308045472137,41.0104589504347,50.3913343329425,19.0970999539628,2.66906420695603e-81,6.32452170778711e-81,TRUE,FALSE,8862
"OTU1056","Basidiomycota","Tremellomycetes","Filobasidiales","Piskurozymaceae","Solicoccozyma","terricola 3",45.6350912046169,1.11565275019857,43.4484118142277,47.8217705950061,40.9043864199633,0,0,TRUE,FALSE,3371
"OTU643","Basidiomycota","Exobasidiomycetes","Exobasidiales","Exobasidiaceae","Exobasidium","Unassigned",44.4460047921186,0.997710390026549,42.4904924276666,46.4015171565706,44.5480023425795,0,0,TRUE,FALSE,5002
"OTU1447","Ascomycota","Leotiomycetes","Phacidiales","Phacidiaceae","Unassigned","Unassigned",43.8747747632866,7.6644868709157,28.8523804962918,58.8971690302814,5.72442428334994,1.03785081369849e-08,2.12110760049629e-08,TRUE,FALSE,25181
"OTU697","Ascomycota","Sordariomycetes","Hypocreales","Bionectriaceae","Nectriopsis","Unassigned",43.4942751245562,2.38785401919133,38.8140812469412,48.1744690021712,18.2147965390639,3.93878820264049e-74,9.19988387331028e-74,TRUE,FALSE,6356
"OTU258","Ascomycota","Leotiomycetes","Phacidiales","Phacidiaceae","Unassigned","Unassigned",42.5613339147096,0.551499768628498,41.4803943681978,43.6422734612215,77.1738019411208,0,0,TRUE,FALSE,17453
"OTU527","Basidiomycota","Tremellomycetes","Filobasidiales","Piskurozymaceae","Piskurozyma","taiwanensis 1",42.463585228206,0.725742811582082,41.0411293175052,43.8860411389069,58.510514400601,0,0,TRUE,FALSE,7165
"OTU874","Basidiomycota","Microbotryomycetes","Unassigned","Unassigned","Unassigned","Unassigned",41.7978870045473,0.836722686382974,40.1579105392366,43.4378634698579,49.9542891387745,0,0,TRUE,FALSE,3421
"OTU32","Basidiomycota","Microbotryomycetes","Kriegeriales","Kriegeriaceae","Phenoliferia","Unassigned",40.0783221491472,0.548019438549485,39.0042040495902,41.1524402487042,73.1330301991254,0,0,TRUE,FALSE,20304
"OTU1221","Basidiomycota","Tremellomycetes","Tremellales","Bulleribasidiaceae","Vishniacozyma","victoriae 2",39.5010173235247,7.36303580700381,25.0694671417972,53.9325675052522,5.36477322111497,8.1050986753948e-08,1.6461908489777e-07,TRUE,FALSE,71418
"OTU441","Ascomycota","Dothideomycetes","Venturiales","Venturiaceae","Venturia","Unassigned",39.3005768148357,0.489738760836385,38.3406888435963,40.260464786075,80.248042339384,0,0,TRUE,FALSE,188347
"OTU1267","Ascomycota","Leotiomycetes","Leotiales","Unassigned","Unassigned","Unassigned",39.2977015174684,0.751572090931196,37.8246202192433,40.7707828156936,52.2873347635603,0,0,TRUE,FALSE,53335
"OTU1363","Basidiomycota","Microbotryomycetes","Kriegeriales","Kriegeriaceae","Phenoliferia","Unassigned",37.0681131896744,0.746848831348983,35.6042894802304,38.5319368991184,49.6326855365372,0,0,TRUE,FALSE,1095
"OTU1235","Mortierellomycota","Mortierellomycetes","Mortierellales","Mortierellaceae","Podila","humilis 2",37.0308617294886,2.21270514933615,32.6939596367897,41.3677638221874,16.7355608769647,7.21740611458214e-63,1.66203647849885e-62,TRUE,FALSE,2310
"OTU749","Basidiomycota","Tremellomycetes","Filobasidiales","Piskurozymaceae","Piskurozyma","Unassigned",36.4371611586691,0.958102828774402,34.5592796142712,38.3150427030669,38.0305329077039,0,0,TRUE,FALSE,4201
"OTU27","Ascomycota","Leotiomycetes","Helotiales","Godroniaceae","Unassigned","Unassigned",36.3799203189621,0.57490972808169,35.253097251922,37.5067433860022,63.2793611622324,0,0,TRUE,FALSE,20034
"OTU651","Ascomycota","Leotiomycetes","Helotiales","Unassigned","Unassigned","Unassigned",36.2113834117325,0.792424151352563,34.6582320750815,37.7645347483835,45.6969709339682,0,0,TRUE,FALSE,5483
"OTU51","Ascomycota","Leotiomycetes","Leotiales","Tympanidaceae","Unassigned","Unassigned",36.0533285557357,1.09255149371235,33.9119276280595,38.1947294834119,32.999203024501,8.33902345002371e-239,2.25360385798161e-238,TRUE,FALSE,17376
"OTU113","Basidiomycota","Tremellomycetes","Tremellales","Unassigned","Unassigned","Unassigned",35.565019543878,1.40512511151247,32.8109743253135,38.3190647624424,25.3109272992752,2.42151962327358e-141,6.09105320623431e-141,TRUE,FALSE,18062
"OTU626","Basidiomycota","Tremellomycetes","Filobasidiales","Piskurozymaceae","Piskurozyma","cylindrica 2",35.3834888356241,0.922032862996926,33.5763044241501,37.1906732470981,38.3755181139808,0,0,TRUE,FALSE,4597
"OTU357","Ascomycota","Leotiomycetes","Phacidiales","Phacidiaceae","Unassigned","Unassigned",35.3493581195398,0.861697736070406,33.6604305568418,37.0382856822378,41.0229209615232,0,0,TRUE,FALSE,224600
"OTU272","Ascomycota","Leotiomycetes","Helotiales","Mollisiaceae","Unassigned","Unassigned",34.8835460742933,0.794023281191831,33.3272604431573,36.4398317054292,43.9326489544903,0,0,TRUE,FALSE,13481
"OTU1258","Ascomycota","Candelariomycetes","Candelariales","Pycnoraceae","Pycnora","Unassigned",34.182411419443,2.42785691782411,29.4238118605077,38.9410109783783,14.0792528457887,5.09455606803587e-45,1.11061322283182e-44,TRUE,FALSE,2067
"OTU1323","Ascomycota","Leotiomycetes","Unassigned","Unassigned","Unassigned","Unassigned",33.690216098615,2.79117978347115,28.2195037230115,39.1609284742184,12.0702422316621,1.51687146988563e-33,3.1795959657218e-33,TRUE,FALSE,2394
"OTU1344","Ascomycota","Leotiomycetes","Helotiales","Hyaloscyphaceae","Unassigned","Unassigned",33.3496107037033,0.57361717908932,32.2253210326883,34.4739003747184,58.1391421307316,0,0,TRUE,FALSE,1200
"OTU1393","Ascomycota","Unassigned","Unassigned","Unassigned","Unassigned","Unassigned",33.3168728394966,1.04270646635292,31.2731681654449,35.3605775135483,31.9523028911763,5.01893672654877e-224,1.34523959801758e-223,TRUE,FALSE,1370
"OTU108","Ascomycota","Leotiomycetes","Rhytismatales","Rhytismataceae","Coccomyces","australis",32.3141880603556,0.603493937732337,31.1313399424002,33.497036178311,53.545174259377,0,0,TRUE,FALSE,18357
"OTU1410","Ascomycota","Dothideomycetes","Venturiales","Venturiaceae","Venturia","Unassigned",32.021382749102,0.864909898973869,30.3261593471133,33.7166061510908,37.0227960011699,4.92223456526338e-300,1.42439885207179e-299,TRUE,FALSE,28277
"OTU1257","Basidiomycota","Tremellomycetes","Filobasidiales","Piskurozymaceae","Piskurozyma","Unassigned",31.8274241930512,1193.2942655337,-2307.02933625299,2370.6841846391,0.0266718990548543,0.978721426461524,0.999999999659143,FALSE,TRUE,2194
"OTU618","Basidiomycota","Tremellomycetes","Filobasidiales","Piskurozymaceae","Piskurozyma","Unassigned",31.1690992242681,2.05713852291116,27.1371077193622,35.201090729174,15.151677379586,7.38572490940803e-52,1.66560830715616e-51,TRUE,FALSE,7817
"OTU1303","Basidiomycota","Agaricomycetes","Agaricales","Amanitaceae","Amanita","fulva",31.1541044483168,2.45558723638983,26.3411534649927,35.9670554316408,12.6870281725846,6.97837483569874e-37,1.47221198146677e-36,TRUE,FALSE,1476
"OTU1396","Ascomycota","Dothideomycetes","Venturiales","Venturiaceae","Venturia","Unassigned",31.0956819189257,0.75020566334691,29.6252788187657,32.5660850190856,41.4495430229063,0,0,TRUE,FALSE,28825
"OTU199","Ascomycota","Dothideomycetes","Venturiales","Cylindrosympodiaceae","Sympodiella","Unassigned",31.0843186401611,2.07103808356528,27.0250839963731,35.143553283949,15.009052168973,6.40565068454583e-51,1.43469025605924e-50,TRUE,FALSE,16156
"OTU1026","Ascomycota","Leotiomycetes","Unassigned","Unassigned","Unassigned","Unassigned",30.8747395844181,0.578722238561789,29.740443996837,32.0090351719992,53.3498413006322,0,0,TRUE,FALSE,3071
"OTU1306","Ascomycota","Leotiomycetes","Helotiales","Hamatocanthoscyphaceae","Stipitochalara","recta",30.793239927269,2.41264801708857,26.0644498137754,35.5220300407626,12.7632541958724,2.6298077426393e-37,5.58407228469513e-37,TRUE,FALSE,1551
"OTU1324","Mucoromycota","Umbelopsidomycetes","Umbelopsidales","Umbelopsidaceae","Umbelopsis","Unassigned",30.7648239389175,2.66532977128539,25.5407775871982,35.9888702906369,11.5425956931704,8.04599821562746e-31,1.67582255828674e-30,TRUE,FALSE,1306
"OTU589","Ascomycota","Leotiomycetes","Unassigned","Unassigned","Unassigned","Unassigned",30.3880932294344,0.495798338938751,29.4163284851144,31.3598579737544,61.2912364621464,0,0,TRUE,FALSE,5601
"OTU1451","Basidiomycota","Agaricomycetes","Thelephorales","Thelephoraceae","Thelephora","Unassigned",30.3552431584136,2.11280842569169,26.2141386440579,34.4963476727693,14.3672482508564,8.30666706666971e-47,1.8230067991953e-46,TRUE,FALSE,1076
"OTU1368","Ascomycota","Orbiliomycetes","Orbiliales","Orbiliaceae","Amphosoma","Unassigned",30.3042857959574,2.21688947422155,25.9591824264831,34.6493891654316,13.669732365254,1.5396039896497e-42,3.31217437247008e-42,TRUE,FALSE,1079
"OTU1046","Ascomycota","Leotiomycetes","Helotiales","Discinellaceae","Unassigned","Unassigned",30.1542550552608,0.586599804862215,29.0045194377309,31.3039906727907,51.4051569832071,0,0,TRUE,FALSE,4676
"OTU400","Basidiomycota","Microbotryomycetes","Kriegeriales","Kriegeriaceae","Phenoliferia","psychrophenolica",29.5679041378748,2.1598338133651,25.3346298636792,33.8011784120704,13.6898977851481,1.16673268720941e-42,2.52663303786409e-42,TRUE,FALSE,9363
"OTU1024","Ascomycota","Leotiomycetes","Helotiales","Unassigned","Unassigned","Unassigned",28.8606631275963,0.707921803177668,27.473136393368,30.2481898618245,40.7681512252464,0,0,TRUE,FALSE,3511
"OTU1237","Ascomycota","Leotiomycetes","Unassigned","Unassigned","Unassigned","Unassigned",28.5539594790933,0.721623794851552,27.1395768411842,29.9683421170023,39.5690381647784,0,0,TRUE,FALSE,2269
"OTU1245","Ascomycota","Leotiomycetes","Helotiales","Unassigned","Unassigned","Unassigned",28.5361197163747,0.764792396219417,27.0371266197847,30.0351128129648,37.3122429791886,1.03904325769735e-304,3.0336352255985e-304,TRUE,FALSE,64186
"OTU431","Ascomycota","Leotiomycetes","Helotiales","Hyaloscyphaceae","Unassigned","Unassigned",28.2509678761,1.24728623733665,25.8062868509201,30.6956489012798,22.6499475665062,1.3967727589611e-113,3.38329401615023e-113,TRUE,FALSE,9019
"OTU591","Basidiomycota","Tremellomycetes","Tremellales","Unassigned","Unassigned","Unassigned",28.2418822565364,0.823843737979489,26.6271485300966,29.8566159829762,34.2806298750304,1.52555094518564e-257,4.33787094848438e-257,TRUE,FALSE,7032
"OTU564","Ascomycota","Unassigned","Unassigned","Unassigned","Unassigned","Unassigned",27.8273251616827,0.829955450408626,26.2006124788818,29.4540378444836,33.5286974113876,1.84057346283442e-246,5.05771027182232e-246,TRUE,FALSE,138337
"OTU1337","Ascomycota","Leotiomycetes","Helotiales","Pezizellaceae","Calycellina","leucella",27.4671699475665,1.1533654968841,25.2065735736737,29.7277663214593,23.8148011378623,2.34645541869986e-125,5.72605165608101e-125,TRUE,FALSE,1498
"OTU1223","Ascomycota","Dothideomycetes","Mycosphaerellales","Teratosphaeriaceae","Meristemomyces","Unassigned",27.4158606730013,0.622131861343333,26.1964822247684,28.6352391212342,44.06760427573,0,0,TRUE,FALSE,2436
"OTU1261","Ascomycota","Leotiomycetes","Helotiales","Unassigned","Unassigned","Unassigned",26.4061763928577,0.661796976420664,25.1090543190732,27.7032984666422,39.9007208157338,0,0,TRUE,FALSE,57332
"OTU807","Basidiomycota","Unassigned","Unassigned","Unassigned","Unassigned","Unassigned",25.721497355601,0.550545318664846,24.6424285310179,26.8005661801841,46.7200364503679,0,0,TRUE,FALSE,3789
"OTU1266","Ascomycota","Eurotiomycetes","Phaeomoniellales","Celotheliaceae","Paraphaeomoniella","Unassigned",25.6482646127817,1.05651136150201,23.5775023442378,27.7190268813256,24.2763736835904,3.4830831165027e-130,8.62854681133623e-130,TRUE,FALSE,2441
"OTU1297","Ascomycota","Leotiomycetes","Helotiales","Lachnaceae","Lachnellula","Unassigned",24.6065462762239,0.726220095807664,23.1831548884409,26.029937664007,33.8830423700377,1.18412375555978e-251,3.3094740860517e-251,TRUE,FALSE,1534
"OTU1256","Basidiomycota","Agaricomycetes","Agaricales","Unassigned","Unassigned","Unassigned",24.4499028237262,2651.03176717309,-5171.57236083554,5220.47216648299,0.00922278756764886,0.992641384512763,0.999999999659143,FALSE,TRUE,2045
"OTU1429","Basidiomycota","Exobasidiomycetes","Exobasidiales","Exobasidiaceae","Exobasidium","arescens 4",23.8838347127986,8.89523949868867,6.44916529536876,41.3185041302283,2.68501311474744,0.00725269602425741,0.0123522479163134,TRUE,FALSE,1030
"OTU1259","Ascomycota","Leotiomycetes","Leotiales","Tympanidaceae","Unassigned","Unassigned",23.5070979571465,0.738564443882841,22.0595116471361,24.9546842671569,31.8280932041124,2.6458880023353e-222,7.03419005498896e-222,TRUE,FALSE,1928
"OTU359","Ascomycota","Leotiomycetes","Rhytismatales","Cudoniaceae","Cudoniaceae_gen_Incertae_sedis","Unassigned",22.4480504948788,0.655528437222374,21.163214757923,23.7328862318347,34.2442054687916,5.31963737154368e-257,1.49958743146102e-256,TRUE,FALSE,10008
"OTU1347","Ascomycota","Dothideomycetes","Venturiales","Venturiaceae","Venturia","Unassigned",22.3374515832979,0.594012125711153,21.1731878169041,23.5017153496918,37.6043697029846,0,0,TRUE,FALSE,1185
"OTU1343","Ascomycota","Leotiomycetes","Helotiales","Unassigned","Unassigned","Unassigned",21.4703861891304,0.823309945505617,19.8566986959394,23.0840736823214,26.0781329149922,6.45530461883238e-150,1.64912860184234e-149,TRUE,FALSE,1327
"OTU696","Basidiomycota","Agaricomycetes","Thelephorales","Thelephoraceae","Polyozellus","umbrinus",20.9453309661168,0.831598627644587,19.3153976559334,22.5752642763002,25.1868272383303,5.58507121448742e-140,1.39413609705144e-139,TRUE,FALSE,4439
"OTU1315","Basidiomycota","Tremellomycetes","Tremellales","Trimorphomycetaceae","Saitozyma","podzolica 1",20.841277226799,0.784408273731243,19.3038370102858,22.3787174433123,26.5694255462937,1.53194537074855e-155,3.94445776562814e-155,TRUE,FALSE,1444
"OTU407","Ascomycota","Leotiomycetes","Unassigned","Unassigned","Unassigned","Unassigned",19.3951369501633,1.22890287058912,16.9864873238086,21.803786576518,15.7824816056175,4.10717451181307e-56,9.32670878724218e-56,TRUE,FALSE,9159
"OTU1231","Ascomycota","Leotiomycetes","Helotiales","Dermateaceae","Coleophoma","coptospermatis",18.9593718682535,7.43684243874327,4.3831606883167,33.5355830481903,2.54938463795898,0.0107913207163464,0.0178220296679054,TRUE,FALSE,68486
"OTU644","Ascomycota","Unassigned","Unassigned","Unassigned","Unassigned","Unassigned",18.1692012569389,1.35113729620337,15.5209721563803,20.8174303574975,13.447338999518,3.19152082822313e-41,6.82109353482983e-41,TRUE,FALSE,5107
"OTU1225","Ascomycota","Sordariomycetes","Coniochaetales","Coniochaetaceae","Coniochaeta","Unassigned",17.2753582108767,3.33934876676721,10.730234628013,23.8204817937404,5.17327162193988,2.30030237096777e-07,4.5587810624634e-07,TRUE,FALSE,1153941
"OTU636","Ascomycota","Dothideomycetes","Pleosporales","Sporormiaceae","Sporormiella","intermedia 1",17.2246034322505,4.80038496375133,7.81584890329792,26.6333579612031,3.58817127424508,0.000333005513604757,0.000608339681277963,TRUE,FALSE,1987222
"OTU121","Ascomycota","Leotiomycetes","Phacidiales","Phacidiaceae","Unassigned","Unassigned",17.155699398429,8.63498449017066,0.231129797694475,34.0802689991635,1.98676667201401,0.0469482595280461,0.071405027282191,FALSE,FALSE,24008
"OTU1342","Basidiomycota","Tremellomycetes","Filobasidiales","Piskurozymaceae","Piskurozyma","Unassigned",16.2274315475613,5.5911853934671,5.26870817636577,27.1861549187568,2.90232399850699,0.00370405229692151,0.00651196290910395,TRUE,FALSE,1318
"OTU1230","Ascomycota","Dothideomycetes","Pleosporales","Sporormiaceae","Sporormiella","leporina 3",16.1279658712864,5.96972842024804,4.42729816760028,27.8286335749726,2.70162471990917,0.00690015958431248,0.0118133622202627,TRUE,FALSE,2331
"OTU15","Ascomycota","Dothideomycetes","Unassigned","Unassigned","Unassigned","Unassigned",14.6521851150252,4.37078627012083,6.08544402558835,23.218926204462,3.35229961144271,0.000801432357438449,0.00143993615869436,TRUE,FALSE,22681
"OTU186","Ascomycota","Leotiomycetes","Helotiales","Godroniaceae","Godronia","Unassigned",13.4453402591768,11.499121187998,-9.09293726929925,35.9836177876528,1.1692493747444,0.242303173430931,0.307105184929902,FALSE,FALSE,15993
"OTU552","Ascomycota","Leotiomycetes","Leotiales","Unassigned","Unassigned","Unassigned",13.4173171050284,8.38458792393386,-3.01647522588201,29.8511094359387,1.60023572139169,0.109546300432555,0.156426376600198,FALSE,FALSE,6167
"OTU409","Basidiomycota","Tremellomycetes","Filobasidiales","Piskurozymaceae","Solicoccozyma","terricola 1",12.4380071001565,3.59004635605986,5.40151624227914,19.4744979580338,3.46458119660811,0.00053105779648305,0.000959424858839543,TRUE,FALSE,8997
"OTU62","Basidiomycota","Tremellomycetes","Cystofilobasidiales","Mrakiaceae","Tausonia","pullulans 1",12.230770721094,8.01804556712952,-3.48459859047984,27.9461400326679,1.52540548924227,0.127157990462727,0.179226995178068,FALSE,FALSE,19269
"OTU483","Ascomycota","Dothideomycetes","Venturiales","Venturiaceae","Unassigned","Unassigned",11.90789819507,4.04350621506389,3.98262601354477,19.8331703765952,2.94494371016612,0.00323013422977575,0.00570948050344146,TRUE,FALSE,171967
"OTU846","Basidiomycota","Microbotryomycetes","Microbotryomycetes_ord_Incertae_sedis","Microbotryomycetes_fam_Incertae_sedis","Pseudohyphozyma","Unassigned",11.8991994358146,4.50366078135054,3.07202430436753,20.7263745672617,2.64211716057494,0.00823895502178975,0.0138160938057705,TRUE,FALSE,3340
"OTU1305","Ascomycota","Sordariomycetes","Coniochaetales","Coniochaetaceae","Unassigned","Unassigned",11.8626629298878,3.01849490833512,5.94641290955096,17.7789129502246,3.9299926917653,8.49484434890847e-05,0.000156056972027701,TRUE,FALSE,39302
"OTU261","Ascomycota","Dothideomycetes","Unassigned","Unassigned","Unassigned","Unassigned",11.5504289804903,2.16085007426254,7.31516283493574,15.7856951260449,5.34531715923525,9.02588689390776e-08,1.82189198414064e-07,TRUE,FALSE,13098
"OTU570","Ascomycota","Eurotiomycetes","Phaeomoniellales","Celotheliaceae","Paraphaeomoniella","Unassigned",11.419085903288,2.30121221537684,6.90870996114936,15.9294618454266,4.96220462718951,6.96975096489957e-07,1.37295696718202e-06,TRUE,FALSE,6013
"OTU565","Ascomycota","Candelariomycetes","Candelariales","Pycnoraceae","Pycnora","Unassigned",11.3095579291576,2.37112218145585,6.66215845350412,15.9569574048111,4.76970694197361,1.84494124807664e-06,3.5487987536533e-06,TRUE,FALSE,6136
"OTU1244","Ascomycota","Leotiomycetes","Helotiales","Dermateaceae","Unassigned","Unassigned",11.2642217495018,2.48493926684546,6.39374078648468,16.1347027125189,4.53299680189017,5.81526959163712e-06,1.0991867956447e-05,TRUE,FALSE,2129
"OTU1387","Ascomycota","Unassigned","Unassigned","Unassigned","Unassigned","Unassigned",11.1598827687353,2.71943819733741,5.829783901954,16.4899816355167,4.10374568528967,4.06514316903997e-05,7.55285122884131e-05,TRUE,FALSE,1179
"OTU542","Basidiomycota","Exobasidiomycetes","Exobasidiales","Exobasidiaceae","Exobasidium","vaccinii 1",10.9338838351697,5.56626979947574,0.0239950281972376,21.8437726421421,1.96431079143873,0.0494940609868398,0.0749285089939658,FALSE,FALSE,6971
"OTU1183","Basidiomycota","Microbotryomycetes","Kriegeriales","Kriegeriaceae","Phenoliferia","psychrophila 2",10.8142103841268,2.06909689443216,6.75878047103979,14.8696402972139,5.2265364726163,1.7271476232443e-07,3.443763858542e-07,TRUE,FALSE,91409
"OTU420","Ascomycota","Dothideomycetes","Venturiales","Sympoventuriaceae","Unassigned","Unassigned",10.1295938552558,7.25141334281842,-4.08317629666834,24.3423640071799,1.39691303975766,0.162439722864577,0.22032493537428,FALSE,FALSE,9912
"OTU175","Basidiomycota","Tremellomycetes","Cystofilobasidiales","Mrakiaceae","Mrakiaceae_gen_Incertae_sedis","Unassigned",10.0149564446435,2.48273218735764,5.14880135742248,14.8811115318644,4.03384484868757,5.48715553677895e-05,0.000101372873476086,TRUE,FALSE,264811
"OTU703","Ascomycota","Leotiomycetes","Helotiales","Unassigned","Unassigned","Unassigned",9.8761630472294,7.0803277819385,-4.00127940537006,23.7536054998289,1.3948737052009,0.163053927708183,0.22032493537428,FALSE,FALSE,5026
"OTU1063","Ascomycota","Lecanoromycetes","Lecanorales","Parmeliaceae","Platismatia","glauca 1",9.68080879783523,5.0751809709292,-0.266545905186,19.6281635008565,1.9074805121802,0.056458392247248,0.08430088705411,FALSE,FALSE,2987
"OTU1066","Basidiomycota","Microbotryomycetes","Unassigned","Unassigned","Unassigned","Unassigned",9.68061045043418,8.92890609177432,-7.82004548944348,27.1812663903118,1.08418773262185,0.278281569692579,0.348651621798748,FALSE,FALSE,86521
"OTU1357","Basidiomycota","Tremellomycetes","Tremellales","Unassigned","Unassigned","Unassigned",9.58176284140571,3.87067120882096,1.99524727211664,17.1682784106948,2.47547836653489,0.0133057822519056,0.0216467203799658,TRUE,FALSE,1292
"OTU1291","Ascomycota","Leotiomycetes","Helotiales","Unassigned","Unassigned","Unassigned",9.5313119754614,7.87688571704556,-5.9073840299479,24.9700079808707,1.21003557977687,0.226265240498846,0.291154877964454,FALSE,FALSE,1887
"OTU419","Ascomycota","Leotiomycetes","Phacidiales","Phacidiaceae","Unassigned","Unassigned",9.25879701098716,3.22170424526867,2.94425669026058,15.5733373317137,2.87388174274049,0.00405460749297173,0.00709014251444789,TRUE,FALSE,210712
"OTU1226","Basidiomycota","Microbotryomycetes","Kriegeriales","Kriegeriaceae","Phenoliferia","Unassigned",9.00126584005869,1.69995163334051,5.66936063871128,12.3331710414061,5.29501290714409,1.19008004500712e-07,2.38746119458484e-07,TRUE,FALSE,69964
"OTU1330","Ascomycota","Leotiomycetes","Helotiales","Sclerotiniaceae","Unassigned","Unassigned",8.22989755700251,5.62915997295831,-2.80325598999577,19.2630511040008,1.4620116672004,0.143738012722825,0.199162415933745,FALSE,FALSE,39062
"OTU213","Ascomycota","Leotiomycetes","Thelebolales","Thelebolaceae","Thelebolus","Unassigned",8.04258400237389,4.21228727742797,-0.213499061384924,16.2986670661327,1.90931517075557,0.0562214464200133,0.08430088705411,FALSE,FALSE,245616
"OTU97","Ascomycota","Eurotiomycetes","Chaetothyriales","Unassigned","Unassigned","Unassigned",7.42503515420116,3.46088038324774,0.641709603035585,14.2083607053667,2.14541802431016,0.0319194392562511,0.0499409408459048,TRUE,FALSE,22958
"OTU1359","Ascomycota","Leotiomycetes","Helotiales","Godroniaceae","Unassigned","Unassigned",7.34869670216542,3.36282746021903,0.757554880136126,13.9398385241947,2.1852731931976,0.028868821682384,0.0458257509230076,TRUE,FALSE,32595
"OTU1390","Basidiomycota","Tremellomycetes","Cystofilobasidiales","Mrakiaceae","Mrakia","cryoconiti",6.92180733928657,2.72676889735602,1.57734030046877,12.2662743781044,2.53846497442384,0.0111339947165744,0.0182955591573861,TRUE,FALSE,28504
"OTU1265","Ascomycota","Leotiomycetes","Unassigned","Unassigned","Unassigned","Unassigned",6.48655504647389,3.58674887286119,-0.543472744334049,13.5165828372818,1.80847761479869,0.0705321977225243,0.103426137467558,FALSE,FALSE,1866
"OTU1345","Ascomycota","Leotiomycetes","Phacidiales","Phacidiaceae","Unassigned","Unassigned",6.09293650812945,2.97817438783839,0.255714707966194,11.9301583082927,2.04586290615164,0.0407698607813969,0.0625903496503135,FALSE,FALSE,34231
"OTU1317","Ascomycota","Sordariomycetes","Amphisphaeriales","Sporocadaceae","Unassigned","Unassigned",5.80930251386281,4.82995082035136,-3.65740109402585,15.2760061217515,1.20276639037087,0.229066734280765,0.292596961366446,FALSE,FALSE,1354
"OTU305","Basidiomycota","Agaricomycetes","Cantharellales","Hydnaceae","Sistotrema","Unassigned",5.80155677409268,2.19408632544662,1.50114757621731,10.1019659719681,2.64417890344936,0.00818893612310678,0.0138160938057705,TRUE,FALSE,11729
"OTU430","Ascomycota","Dothideomycetes","Pleosporales","Sporormiaceae","Sporormiella","leporina 2",5.47769350289415,5.45477952217173,-5.21367436056244,16.1690613663507,1.00420071620297,0.315281876983529,0.390354938180454,FALSE,FALSE,8735
"OTU1376","Basidiomycota","Tremellomycetes","Tremellales","Phaeotremellaceae","Phaeotremella","Unassigned",5.47101236942318,4.78874028473073,-3.91491858864904,14.8569433274954,1.1424742299907,0.253256951798949,0.319749124472032,FALSE,FALSE,1144
"OTU55","Ascomycota","Dothideomycetes","Venturiales","Venturiaceae","Venturia","Unassigned",5.0278121860227,4.04729610663121,-2.90488818297447,12.9605125550199,1.24226447819941,0.214138996814244,0.278977896248039,FALSE,FALSE,19795
"OTU758","Ascomycota","Dothideomycetes","Mycosphaerellales","Teratosphaeriaceae","Meristemomyces","Unassigned",4.98702278163061,1.97991391377578,1.10639151063009,8.86765405263113,2.51880788701573,0.0117752884682716,0.019252596645624,TRUE,FALSE,117928
"OTU628","Ascomycota","Lecanoromycetes","Lecanorales","Lecanoraceae","Frutidella","furfuracea 2",4.20053788093083,1.85806223238878,0.558735905448824,7.84233985641283,2.26070892982443,0.023777287144574,0.0381135926288024,TRUE,FALSE,5598
"OTU153","Ascomycota","Unassigned","Unassigned","Unassigned","Unassigned","Unassigned",4.1927738284778,6.23215575912382,-8.02225145940487,16.4077991163605,0.672764608352354,0.501097056919705,0.602421829458616,FALSE,FALSE,17899
"OTU1322","Basidiomycota","Tremellomycetes","Filobasidiales","Filobasidiaceae","Heterocephalacria","Unassigned",3.95232779500371,3.00715982197346,-1.94170545606428,9.8463610460717,1.31430586632738,0.188743293917237,0.250890476060718,FALSE,FALSE,1314
"OTU21","Ascomycota","Dothideomycetes","Venturiales","Venturiaceae","Venturia","pyrina",3.81364959409479,2.1165786602948,-0.334844580083014,7.9621437682726,1.80179913255084,0.0715770142768443,0.1044896592345,FALSE,FALSE,22156
"OTU1375","Basidiomycota","Exobasidiomycetes","Exobasidiales","Exobasidiaceae","Exobasidium","arescens 3",3.48329745638102,4.11960788085099,-4.59113399008691,11.557728902849,0.845541021652157,0.397808839101033,0.489035678143,FALSE,FALSE,1055
"OTU1319","Basidiomycota","Exobasidiomycetes","Exobasidiales","Exobasidiaceae","Exobasidium","vaccinii 6",3.43407849652494,8.60958137990356,-13.440701008086,20.3088580011359,0.398867069720806,0.689991154489553,0.800194220360049,FALSE,FALSE,1662
"OTU1220","Basidiomycota","Tremellomycetes","Filobasidiales","Filobasidiaceae","Naganishia","Unassigned",3.34998623164304,4.81103840472572,-6.07964904161937,12.7796215049054,0.696312510902524,0.486233139853502,0.586709360635038,FALSE,FALSE,2521
"OTU1","Ascomycota","Leotiomycetes","Thelebolales","Thelebolaceae","Thelebolus","Unassigned",2.98411636149773,2.52881609800456,-1.97236319059121,7.94059591358666,1.18004482961511,0.237982385467789,0.302802490459015,FALSE,FALSE,3470164
"OTU1427","Ascomycota","Dothideomycetes","Dothideales","Unassigned","Unassigned","Unassigned",2.71405523958528,2.09234699287492,-1.38694486644957,6.81505534562013,1.2971343896722,0.194584950712267,0.256619953270087,FALSE,FALSE,30067
"OTU194","Ascomycota","Sordariomycetes","Hypocreales","Hypocreaceae","Trichoderma","Unassigned",2.30104100567359,4.92814218962515,-7.35811768599169,11.9601996973389,0.466918550060874,0.640558152988145,0.758922159518563,FALSE,FALSE,16357
"OTU1335","Ascomycota","Leotiomycetes","Unassigned","Unassigned","Unassigned","Unassigned",2.07691403656683,3.58535540085557,-4.9503825491101,9.10421062224375,0.579277032360924,0.562402260362806,0.668747415049592,FALSE,FALSE,1244
"OTU1248","Ascomycota","Eurotiomycetes","Phaeomoniellales","Celotheliaceae","Neophaeomoniella","Unassigned",2.05023166057812,2.89711277763849,-3.62810938359331,7.72857270474955,0.707680997579017,0.479143380519677,0.58029587196272,FALSE,FALSE,2523
"OTU632","Ascomycota","Lecanoromycetes","Lecanorales","Parmeliaceae","Parmeliopsis","hyperopta",1.92339746178132,2.32095386413414,-2.6256721119216,6.47246703548425,0.828709907380631,0.407268578237274,0.498789607054639,FALSE,FALSE,5347
"OTU1416","Ascomycota","Dothideomycetes","Unassigned","Unassigned","Unassigned","Unassigned",1.76017902355644,2.34441288176683,-2.83487022470654,6.35522827181943,0.750797369032504,0.452774613046917,0.550398879057033,FALSE,FALSE,30673
"OTU340","Ascomycota","Dothideomycetes","Cladosporiales","Cladosporiaceae","Cladosporium","herbarum",1.58018916874047,1.57703214631144,-1.51079383802995,4.67117217551089,1.00200187576164,0.316342686904649,0.390354938180454,FALSE,FALSE,11539
"OTU1301","Ascomycota","Eurotiomycetes","Chaetothyriales","Unassigned","Unassigned","Unassigned",1.05537859801426,3.06262953543385,-4.94737529143607,7.0581324874646,0.344598844164402,0.730395974849631,0.840984097802216,FALSE,FALSE,1508
"OTU1329","Mucoromycota","Mucoromycetes","Mucorales","Mucoraceae","Mucor","hiemalis",1.03998648553123,8.88594614202369,-16.3764679528352,18.4564409238977,0.117037225851831,0.906830554214424,0.999999999659143,FALSE,FALSE,1271
"OTU19","Basidiomycota","Malasseziomycetes","Malasseziales","Malasseziaceae","Malassezia","restricta 1",0.623113231404008,5.79622765699071,-10.7374929762978,11.9837194391058,0.107503236290673,0.914389758014605,0.999999999659143,FALSE,FALSE,24310
"OTU92","Ascomycota","Sordariomycetes","Coniochaetales","Coniochaetaceae","Unassigned","Unassigned",0.41875336642263,2.34484642490942,-4.17714562639984,5.0146523592451,0.178584559728173,0.858263919134033,0.967766557092513,FALSE,FALSE,306115
"OTU638","Basidiomycota","Tremellomycetes","Tremellales","Bulleribasidiaceae","Vishniacozyma","tephrensis",0.368303555834625,4.45423214154831,-8.36199144160006,9.09859855326931,0.0826862058668099,0.934101053433437,0.999999999659143,FALSE,FALSE,5107
"OTU1272","Ascomycota","Eurotiomycetes","Chaetothyriales","Epibryaceae","Epibryon","interlamellare 1",-0.0152337585673463,8.36924975472964,-16.4189632778374,16.3884957607027,-0.00182020599382129,0.998547686542005,0.999999999659143,FALSE,FALSE,1779
"OTU45","Ascomycota","Leotiomycetes","Helotiales","Dermateaceae","Coleophoma","Unassigned",-0.0607822438386415,4.59251321878446,-9.06210815265619,8.94054366497891,-0.013235072158318,0.989440248551568,0.999999999659143,FALSE,FALSE,355567
"OTU1327","Ascomycota","Candelariomycetes","Candelariales","Pycnoraceae","Pycnora","Unassigned",-0.205313087676675,2.25087025121188,-4.61701878005196,4.20639260469861,-0.0912149812127701,0.927321771291679,0.999999999659143,FALSE,FALSE,1280
"OTU252","Ascomycota","Dothideomycetes","Pleosporales","Didymellaceae","Unassigned","Unassigned",-0.241656212323522,2.04634598928783,-4.25249435132766,3.76918192668062,-0.118091570823575,0.905995102226736,0.999999999659143,FALSE,FALSE,239890
"OTU1271","Ascomycota","Dothideomycetes","Dothideales","Saccotheciaceae","Aureobasidium","Unassigned",-0.312310662182419,1.91048697142294,-4.05686512617139,3.43224380180655,-0.163471757124733,0.870147008560515,0.97779406116594,FALSE,FALSE,53882
"OTU1320","Ascomycota","Dothideomycetes","Pleosporales","Sporormiaceae","Unassigned","Unassigned",-0.438759795563698,1.66197604147617,-3.69623283685698,2.81871324572959,-0.263998869185859,0.791780790110058,0.905287826454507,FALSE,FALSE,708174
"OTU9","Ascomycota","Dothideomycetes","Cladosporiales","Cladosporiaceae","Cladosporium","Unassigned",-0.754514374149221,3.03610652603932,-6.70528316518628,5.19625441688784,-0.248513801369646,0.803736893005381,0.915755972169894,FALSE,FALSE,24789
"OTU1328","Ascomycota","Dothideomycetes","Pleosporales","Melanommataceae","Unassigned","Unassigned",-0.977773925826116,10.0636637208052,-20.7025548186044,18.7470069669521,-0.0971588432356602,0.922600251698724,0.999999999659143,FALSE,FALSE,1506
"OTU136","Ascomycota","Saccharomycetes","Saccharomycetales","Saccharomycetales_fam_Incertae_sedis","Candida","parapsilosis 1",-1.1352599578181,2.51368147707187,-6.06207565287896,3.79155573724276,-0.451632383885224,0.651533836494613,0.76913922214346,FALSE,FALSE,261562
"OTU159","Basidiomycota","Microbotryomycetes","Sporidiobolales","Sporidiobolaceae","Rhodotorula","Unassigned",-1.74875464713521,8.47282552220944,-18.3554926706657,14.8579833763953,-0.206395687312488,0.836481839338997,0.946469070809177,FALSE,FALSE,18517
"OTU1372","Ascomycota","Dothideomycetes","Capnodiales","Capnodiales_fam_Incertae_sedis","Perusta","Unassigned",-1.81679988947832,4.53431627509558,-10.7040597886657,7.07046000970903,-0.400677804381878,0.688657354257916,0.800194220360049,FALSE,FALSE,1056
"OTU373","Ascomycota","Eurotiomycetes","Chaetothyriales","Unassigned","Unassigned","Unassigned",-2.22458959157494,6.58128765641544,-15.1239133981492,10.6747342149993,-0.338017377101943,0.735350092690979,0.843717474771755,FALSE,FALSE,10000
"OTU554","Basidiomycota","Exobasidiomycetes","Exobasidiales","Exobasidiaceae","Exobasidium","vaccinii 2",-2.44702560488708,2.01105259968531,-6.38868870027029,1.49463749049614,-1.21678846454339,0.223684710087693,0.289110277465121,FALSE,FALSE,6090
"OTU320","Ascomycota","Leotiomycetes","Unassigned","Unassigned","Unassigned","Unassigned",-2.86920645142023,1.97439266940382,-6.73901608345171,1.00060318061126,-1.4532096354909,0.146165557685602,0.200824106568032,FALSE,FALSE,266245
"OTU1091","Basidiomycota","Cystobasidiomycetes","Cystobasidiomycetes_ord_Incertae_sedis","Cystobasidiomycetes_fam_Incertae_sedis","Cystobasidiomycetes_gen_Incertae_sedis","Unassigned",-2.88610397671254,7.54339307438175,-17.6711544025008,11.8989464490757,-0.382600236823677,0.702016194636178,0.811163588855231,FALSE,FALSE,2971
"OTU1273","Basidiomycota","Tremellomycetes","Filobasidiales","Piskurozymaceae","Piskurozyma","Unassigned",-2.96298795981946,2.63875953695747,-8.1349566522561,2.20898073261718,-1.1228715304752,0.261492060288443,0.328876552747388,FALSE,FALSE,1761
"OTU207","Ascomycota","Dothideomycetes","Mycosphaerellales","Teratosphaeriaceae","Microcyclospora","Unassigned",-3.24078386586896,2.49863147427846,-8.13810155545474,1.65653382371683,-1.29702355038364,0.194623083825631,0.256619953270087,FALSE,FALSE,14680
"OTU232","Ascomycota","Dothideomycetes","Venturiales","Venturiaceae","Unassigned","Unassigned",-3.42981705750464,8.60137313226118,-20.2885083967365,13.4288742817273,-0.398752269523156,0.690075749668299,0.800194220360049,FALSE,FALSE,14061
"OTU445","Ascomycota","Leotiomycetes","Helotiales","Unassigned","Unassigned","Unassigned",-3.68439984424986,4.58606728946386,-12.673091731599,5.3042920430993,-0.80338983527662,0.421749448297717,0.514597274602065,FALSE,FALSE,9075
"OTU922","Ascomycota","Candelariomycetes","Candelariales","Pycnoraceae","Pycnora","Unassigned",-3.68463825511791,17.1452799785963,-37.2893870131666,29.9201105029308,-0.214906858314225,0.829839937661263,0.942214095886226,FALSE,TRUE,2967
"OTU176","Ascomycota","Dothideomycetes","Dothideales","Dothideaceae","Dothiora","Unassigned",-3.84757049599328,3.14969169430708,-10.0209662168352,2.32582522484861,-1.22157051210681,0.221870085488784,0.287902849027113,FALSE,FALSE,16029
"OTU1279","Ascomycota","Dothideomycetes","Dothideales","Unassigned","Unassigned","Unassigned",-3.99953878730062,1.85894974668006,-7.64308029079355,-0.355997283807698,-2.1515045226174,0.0314363992341935,0.0496603987902476,TRUE,FALSE,53848
"OTU502","Ascomycota","Lecanoromycetes","Lecanorales","Parmeliaceae","Parmelia","Unassigned",-4.17269434698556,2.91330434943921,-9.88277087188641,1.53738217791529,-1.43228919690068,0.15206107352375,0.208050088042955,FALSE,FALSE,6960
"OTU429","Ascomycota","Eurotiomycetes","Chaetothyriales","Herpotrichiellaceae","Cladophialophora","Unassigned",-4.71856910908106,10.9069876073888,-26.0962648195631,16.659126601401,-0.432618911740995,0.665291648006347,0.782555283806027,FALSE,FALSE,8820
"OTU46","Ascomycota","Unassigned","Unassigned","Unassigned","Unassigned","Unassigned",-4.87960524714435,3.81731270636663,-12.361538151623,2.60232765733425,-1.27828281895953,0.201149723554486,0.26416048033059,FALSE,FALSE,20386
"OTU1421","Basidiomycota","Agaricomycetes","Cantharellales","Hydnaceae","Sistotrema","Unassigned",-5.16455842488338,8.16640786270885,-21.1707178357927,10.841600986026,-0.632414950576601,0.527115767149191,0.631380424387492,FALSE,FALSE,29751
"OTU573","Basidiomycota","Exobasidiomycetes","Exobasidiales","Exobasidiaceae","Exobasidium","Unassigned",-5.41706948635776,3.37947924540921,-12.0408488073598,1.2067098346443,-1.60293024249712,0.108950055903296,0.156257317019201,FALSE,FALSE,7086
"OTU1346","Ascomycota","Saccharomycetes","Saccharomycetales","Debaryomycetaceae","Debaryomyces","prosopidis 2",-5.52340438089775,5.48790999218629,-16.2797079655829,5.23289920378738,-1.00646774250343,0.314190621158404,0.390354938180454,FALSE,FALSE,1898
"OTU299","Ascomycota","Dothideomycetes","Mycosphaerellales","Teratosphaeriaceae","Meristemomyces","Unassigned",-5.65155401643968,3.3249084914911,-12.1683746597622,0.865266626882869,-1.69976227342882,0.0891756504828977,0.129028485433219,FALSE,FALSE,11859
"OTU192","Ascomycota","Dothideomycetes","Dothideales","Saccotheciaceae","Kabatiella","Unassigned",-5.91429374642934,4.89593979149411,-15.5103357377578,3.68174824489913,-1.20799968919235,0.227047381898886,0.291154877964454,FALSE,FALSE,15722
"OTU1373","Ascomycota","Arthoniomycetes","Lichenostigmatales","Phaeococcomycetaceae","Antarctolichenia","onofrii 2",-6.13445231165647,3.92193039118121,-13.8214358783717,1.5525312550587,-1.56414104784988,0.117784448014895,0.166733829008098,FALSE,FALSE,31075
"OTU245","Ascomycota","Dothideomycetes","Unassigned","Unassigned","Unassigned","Unassigned",-6.20936799308204,4.63599556152122,-15.2959192936636,2.87718330749954,-1.33938178125532,0.180446417354484,0.241827780634903,FALSE,FALSE,13686
"OTU1298","Ascomycota","Lecanoromycetes","Lecanorales","Parmeliaceae","Parmeliopsis","Unassigned",-6.27605173073427,3.35443044474471,-12.8507354024339,0.298631940965358,-1.87097387592781,0.0613487020891475,0.0903649801042849,FALSE,FALSE,1518
"OTU637","Ascomycota","Dothideomycetes","Unassigned","Unassigned","Unassigned","Unassigned",-6.42819528317218,1.98101117388544,-10.3109771839876,-2.54541338235672,-3.24490612062742,0.00117489350358335,0.00209939986705878,TRUE,FALSE,139345
"OTU216","Ascomycota","Lecanoromycetes","Lecanorales","Parmeliaceae","Hypogymnia","physodes",-6.71540920596449,5.10109018583699,-16.713545970205,3.282727558276,-1.3164654929273,0.188017852978379,0.250890476060718,FALSE,FALSE,15447
"OTU1384","Ascomycota","Dothideomycetes","Myriangiales","Myriangiales_fam_Incertae_sedis","Myriangiales_gen_Incertae_sedis","Unassigned",-6.82216769872754,2.5818634005998,-11.8826199639031,-1.76171543355194,-2.64234261856869,0.00823347201778681,0.0138160938057705,TRUE,FALSE,30900
"OTU1369","Ascomycota","Dothideomycetes","Unassigned","Unassigned","Unassigned","Unassigned",-6.922542800943,1.65734194621448,-10.1709330155234,-3.67415258636261,-4.17689470586001,2.9551573561302e-05,5.55365778996883e-05,TRUE,FALSE,669833
"OTU1340","Ascomycota","Lecanoromycetes","Unassigned","Unassigned","Unassigned","Unassigned",-7.61464071641725,2.73666176780433,-12.9784977813137,-2.25078365152077,-2.78245591252828,0.00539491945826681,0.00933406699922352,TRUE,FALSE,35900
"OTU1365","Ascomycota","Dothideomycetes","Capnodiales","Capnodiales_fam_Incertae_sedis","Perusta","Unassigned",-7.72420607977639,4.12832615182297,-15.8157253373494,0.367313177796639,-1.87102612432052,0.0613414600901264,0.0903649801042849,FALSE,FALSE,32418
"OTU2","Ascomycota","Dothideomycetes","Myriangiales","Myriangiales_fam_Incertae_sedis","Myriangiales_gen_Incertae_sedis","Unassigned",-7.93550003111553,1.61144714827983,-11.093936441744,-4.77706362048707,-4.92445566060696,8.45955069728033e-07,1.65645094491657e-06,TRUE,FALSE,344798
"OTU337","Ascomycota","Lecanoromycetes","Lecanorales","Parmeliaceae","Melanohalea","olivacea 2",-7.9827670405421,5.41086288697574,-18.5880582990146,2.62252421793035,-1.47532236674433,0.140125895915089,0.195582858832825,FALSE,FALSE,12275
"OTU523","Ascomycota","Dothideomycetes","Venturiales","Venturiaceae","Unassigned","Unassigned",-8.275003330803,4.04448229724984,-16.2021886334127,-0.347818028193304,-2.04599815814,0.040756551889207,0.0625903496503135,FALSE,FALSE,6503
"OTU265","Ascomycota","Unassigned","Unassigned","Unassigned","Unassigned","Unassigned",-8.38061065165847,4.3815196381039,-16.9683891423421,0.207167839025162,-1.91271781113942,0.0557841877662338,0.0840618866339099,FALSE,FALSE,13684
"OTU594","Ascomycota","Taphrinomycetes","Taphrinales","Taphrinaceae","Taphrina","betulina 2",-8.40504542964266,1.75500657703977,-11.8448583206406,-4.96523253864471,-4.7891817270678,1.6746277508446e-06,3.24025606228512e-06,TRUE,FALSE,5872
"OTU827","Ascomycota","Unassigned","Unassigned","Unassigned","Unassigned","Unassigned",-8.48039523244057,3.9675286612888,-16.2567514085666,-0.704039056314516,-2.1374502760834,0.0325613859208162,0.050702729505271,FALSE,FALSE,106894
"OTU1370","Ascomycota","Unassigned","Unassigned","Unassigned","Unassigned","Unassigned",-8.58093296980453,4.91368882951064,-18.2117630756454,1.04989713603632,-1.74633218902043,0.0807532456299064,0.117361383648797,FALSE,FALSE,35972
"OTU1391","Ascomycota","Eurotiomycetes","Phaeomoniellales","Celotheliaceae","Paraphaeomoniella","Unassigned",-8.80124400259957,6.0510684192097,-20.6613381042506,3.05885009905144,-1.45449421372582,0.145809336539043,0.200824106568032,FALSE,FALSE,1002
"OTU452","Ascomycota","Dothideomycetes","Unassigned","Unassigned","Unassigned","Unassigned",-9.45762845501056,9.31757892571681,-27.7200831494155,8.80482623939439,-1.01503067807746,0.310091204018579,0.387022227916318,FALSE,FALSE,8412
"OTU662","Ascomycota","Lecanoromycetes","Lecanorales","Parmeliaceae","Melanohalea","olivacea 4",-10.0842485994721,5.02123758578544,-19.9258742676116,-0.242622931332654,-2.00831934900262,0.0446093670639606,0.068164780513622,FALSE,FALSE,5045
"OTU1206","Ascomycota","Dothideomycetes","Pleosporales","Sporormiaceae","Sporormiella","Unassigned",-10.2583012784507,3.62780552730441,-17.3688001119674,-3.14780244493407,-2.82768775813432,0.00468855121609423,0.00815508642373837,TRUE,FALSE,75826
"OTU1452","Ascomycota","Sordariomycetes","Xylariales","Xylariaceae","Unassigned","Unassigned",-10.5083774782482,7.53127376648985,-25.2696740605683,4.25291910407187,-1.39529883045879,0.162925744615032,0.22032493537428,FALSE,FALSE,24444
"OTU161","Ascomycota","Dothideomycetes","Dothideales","Saccotheciaceae","Aureobasidium","Unassigned",-10.6768251557712,6.40774847668063,-23.2360121700653,1.88236185852282,-1.66623661877909,0.0956662950794838,0.137810037405248,FALSE,FALSE,16775
"OTU1215","Ascomycota","Eurotiomycetes","Chaetothyriales","Herpotrichiellaceae","Unassigned","Unassigned",-10.8077196534279,5.03556095280288,-20.6774191209215,-0.938020185934253,-2.14627918413184,0.031850711320319,0.0499409408459048,TRUE,FALSE,2603
"OTU1289","Ascomycota","Dothideomycetes","Dothideales","Dothideales_fam_Incertae_sedis","Dothideales_gen_Incertae_sedis","Unassigned",-10.9952934514029,2.29479225985604,-15.4930862807208,-6.49750062208507,-4.79141125048621,1.65612274328069e-06,3.22352462531419e-06,TRUE,FALSE,48466
"OTU381","Ascomycota","Eurotiomycetes","Chaetothyriales","Unassigned","Unassigned","Unassigned",-11.1731760790839,2.67856779512717,-16.4231689575332,-5.92318320063467,-4.17132472786766,3.02833942871888e-05,5.65866853252042e-05,TRUE,FALSE,9800
"OTU104","Ascomycota","Lecanoromycetes","Unassigned","Unassigned","Unassigned","Unassigned",-11.7702841788705,3.8687323137522,-19.3529995138249,-4.18756884391624,-3.04241369634975,0.00234689105120262,0.00417083355295248,TRUE,FALSE,19883
"OTU1242","Ascomycota","Lecanoromycetes","Ostropales","Spirographaceae","Spirographa","fusisporella 5",-11.8705729784495,3.4048765956882,-18.5441311059983,-5.1970148509006,-3.48634455459616,0.000489669870987711,0.000889566932294342,TRUE,FALSE,64071
"OTU1439","Ascomycota","Sordariomycetes","Hypocreales","Nectriaceae","Bisifusarium","delphinoides",-12.1328851219464,19.7303306829547,-50.8043332605376,26.5385630166447,-0.614935720891299,0.53859717143071,0.642778376123512,FALSE,TRUE,26249
"OTU1239","Ascomycota","Eurotiomycetes","Phaeomoniellales","Celotheliaceae","Paraphaeomoniella","Unassigned",-12.8427121891424,4.90132555539638,-22.4493102777193,-3.23611410056547,-2.62025283650104,0.00878645965498545,0.0146590423835727,TRUE,FALSE,68065
"OTU228","Ascomycota","Dothideomycetes","Unassigned","Unassigned","Unassigned","Unassigned",-12.9801513001244,5.90710068827966,-24.5580686491525,-1.40223395109623,-2.19738108170027,0.0279932412476291,0.0446526335998767,TRUE,FALSE,14396
"OTU911","Ascomycota","Unassigned","Unassigned","Unassigned","Unassigned","Unassigned",-13.3488145912457,2.87844353466558,-18.9905639191902,-7.70706526330115,-4.63751136004013,3.52629235081536e-06,6.74326081120832e-06,TRUE,FALSE,98368
"OTU471","Basidiomycota","Tremellomycetes","Filobasidiales","Filobasidiaceae","Naganishia","Unassigned",-13.3886260254012,8.39934990626769,-29.8513518416859,3.07409979088345,-1.59400741424172,0.110934374291404,0.157719740840387,FALSE,FALSE,8768
"OTU1275","Basidiomycota","Agaricomycetes","Cantharellales","Hydnaceae","Bergerella","atrofusca",-16.1377514364985,6.58716409632017,-29.048593065286,-3.226909807711,-2.44987846067379,0.0142904442259076,0.0231335409003553,TRUE,FALSE,1007424
"OTU1334","Ascomycota","Dothideomycetes","Venturiales","Sympoventuriaceae","Unassigned","Unassigned",-16.3379592811921,12.1601186875223,-40.1717919087357,7.49587334635153,-1.34356906384119,0.179087778912269,0.240994665449844,FALSE,FALSE,1253
"OTU350","Ascomycota","Unassigned","Unassigned","Unassigned","Unassigned","Unassigned",-16.9447301826704,11.4979158496011,-39.4806452478885,5.59118488254772,-1.47372188180159,0.140556488763651,0.195582858832825,FALSE,FALSE,10407
"OTU147","Ascomycota","Dothideomycetes","Mycosphaerellales","Teratosphaeriaceae","Bryochiton","monascus 2",-17.0340963291178,8.96885978173615,-34.6130615013207,0.54486884308502,-1.89924881686805,0.0575317689910266,0.0855131293639351,FALSE,FALSE,19210
"OTU537","Basidiomycota","Tremellomycetes","Tremellales","Unassigned","Unassigned","Unassigned",-17.4056411920531,6.27509708904906,-29.7048314865892,-5.1064508975169,-2.77376444460571,0.00554117843081251,0.00953665972039838,TRUE,FALSE,6581
"OTU729","Ascomycota","Dothideomycetes","Unassigned","Unassigned","Unassigned","Unassigned",-17.8179798308444,43.7528231871283,-103.573513277616,67.9375536159271,-0.407241831107399,0.683830380970748,0.800194220360049,FALSE,TRUE,4111
"OTU545","Ascomycota","Dothideomycetes","Unassigned","Unassigned","Unassigned","Unassigned",-18.3259392537511,7.00886702854654,-32.0633186297023,-4.58855987779991,-2.61467925973072,0.0089311280569067,0.0148247658609568,TRUE,FALSE,7690
"OTU457","Ascomycota","Eurotiomycetes","Eurotiales","Aspergillaceae","Penicillium","Unassigned",-19.5818541335919,12.9305714485738,-44.9257741727966,5.76206590561272,-1.51438428003518,0.12992840392582,0.182345871604048,FALSE,FALSE,8403
"OTU414","Ascomycota","Unassigned","Unassigned","Unassigned","Unassigned","Unassigned",-23.3381594069173,9.92568865391353,-42.7925091685878,-3.8838096452468,-2.35128868340188,0.0187085128035431,0.0301363728411753,TRUE,FALSE,9908
"OTU1051","Ascomycota","Leotiomycetes","Helotiales","Unassigned","Unassigned","Unassigned",-24.7311036747712,5943.54171754788,-11674.0728700686,11624.6106627191,-0.00416100447343616,0.996680008353583,0.999999999659143,FALSE,TRUE,3023
"OTU1217","Ascomycota","Leotiomycetes","Helotiales","Sclerotiniaceae","Unassigned","Unassigned",-24.8449542020687,2208201.32061037,-4328099.43335052,4328049.74344212,-1.12512178894999e-05,0.999991022826956,0.999999999659143,FALSE,TRUE,2560
"OTU1233","Basidiomycota","Tremellomycetes","Tremellales","Bulleribasidiaceae","Vishniacozyma","victoriae 3",-24.9678313154704,7567.69606695364,-14857.6521225446,14807.7164599137,-0.00329926454426454,0.997367572533854,0.999999999659143,FALSE,TRUE,2320
"OTU1240","Ascomycota","Leotiomycetes","Helotiales","Unassigned","Unassigned","Unassigned",-24.9834144194085,2184057.74096744,-4280778.15571059,4280728.18888175,-1.14389898905978e-05,0.999990873006575,0.999999999659143,FALSE,TRUE,2208
"OTU1278","Basidiomycota","Tremellomycetes","Tremellales","Bulleribasidiaceae","Vishniacozyma","victoriae 6",-25.1904629364303,9782.08741235434,-19198.0817911509,19147.7008652781,-0.00257516232216611,0.997945320012504,0.999999999659143,FALSE,TRUE,1744
"OTU1281","Basidiomycota","Microbotryomycetes","Sporidiobolales","Sporidiobolaceae","Rhodosporidiobolus","oreadorum",-25.2356368155741,10077.2369975579,-19776.6201520291,19726.1488783979,-0.00250422182406642,0.998001922158119,0.999999999659143,FALSE,TRUE,1679
"OTU1287","Ascomycota","Dothideomycetes","Cladosporiales","Cladosporiaceae","Cladosporium","Unassigned",-25.2501721439126,10447.0615838938,-20501.4908765757,20450.9905322879,-0.00241696403731751,0.998071543588191,0.999999999659143,FALSE,TRUE,1606
"OTU1374","Ascomycota","Sordariomycetes","Hypocreales","Clavicipitaceae","Claviceps","Unassigned",-25.3893204119432,13386.1050949611,-26262.1553065357,26211.3766657118,-0.00189669214695621,0.998486659526707,0.999999999659143,FALSE,TRUE,1084
"OTU384","Ascomycota","Dothideomycetes","Mycosphaerellales","Unassigned","Unassigned","Unassigned",-32.4137197700874,1670.6194806803,-3306.82790190347,3242.0004623633,-0.0194022158516241,0.984520242748115,0.999999999659143,FALSE,TRUE,9447
"OTU842","Basidiomycota","Tremellomycetes","Filobasidiales","Filobasidiaceae","Filobasidium","Unassigned",-33.1963139530227,665676.871421659,-1304759.8643004,1304693.4716725,-4.98685103511659e-05,0.999960210685537,0.999999999659143,FALSE,TRUE,3791
"OTU705","Ascomycota","Unassigned","Unassigned","Unassigned","Unassigned","Unassigned",-33.2378645754392,6885.42700361194,-13528.6747916548,13462.199062504,-0.00482727716930314,0.996148405034602,0.999999999659143,FALSE,TRUE,4295
"OTU580","Ascomycota","Dothideomycetes","Unassigned","Unassigned","Unassigned","Unassigned",-33.6558553949959,16445.3942446021,-32266.6285748151,32199.3168640251,-0.00204652165186267,0.998367113110453,0.999999999659143,FALSE,TRUE,6044
"OTU1314","Ascomycota","Dothideomycetes","Dothideales","Dothideaceae","Dothiora","Unassigned",-34.2166453412493,249800.291234744,-489642.787465439,489574.354174756,-0.000136976002598392,0.999890708962668,0.999999999659143,FALSE,TRUE,1364
"OTU1300","Ascomycota","Dothideomycetes","Mycosphaerellales","Unassigned","Unassigned","Unassigned",-35.2849247525641,27.7976472597741,-89.7683133817214,19.1984638765931,-1.269349323805,0.204316501781309,0.267245984329952,FALSE,TRUE,50686
"OTU205","Basidiomycota","Malasseziomycetes","Malasseziales","Malasseziaceae","Malassezia","Unassigned",-36.0399349898005,95401.5587572635,-187023.095099226,186951.015229247,-0.000377770923864036,0.999698582419498,0.999999999659143,FALSE,TRUE,15448
"OTU1293","Ascomycota","Dothideomycetes","Venturiales","Unassigned","Unassigned","Unassigned",-37.7681217391878,17.7205343123779,-72.5003689914485,-3.03587448692706,-2.13131957950086,0.0330628231147317,0.0512395410356269,FALSE,TRUE,1560
"OTU132","Ascomycota","Dothideomycetes","Unassigned","Unassigned","Unassigned","Unassigned",-41.9589257578505,11288.6279793795,-22167.6697653417,22083.751913826,-0.00371691988029857,0.99703433384246,0.999999999659143,FALSE,TRUE,17324
"OTU267","Basidiomycota","Malasseziomycetes","Malasseziales","Malasseziaceae","Malassezia","restricta 2",-42.1178731048144,1152934.2332184,-2259793.21498117,2259708.97923496,-3.65310283026665e-05,0.999970852456533,0.999999999659143,FALSE,TRUE,12866
"OTU1229","Unassigned","Unassigned","Unassigned","Unassigned","Unassigned","Unassigned",-43.2662144564846,2468745.64533599,-4838784.73107299,4838698.19864407,-1.7525586136516e-05,0.999986016605403,0.999999999659143,FALSE,TRUE,2413
"OTU604","Unassigned","Unassigned","Unassigned","Unassigned","Unassigned","Unassigned",-43.270472638572,82198.9328789509,-161153.178915382,161066.637970105,-0.000526411610504648,0.999579984322749,0.999999999659143,FALSE,TRUE,5488
"OTU1276","Ascomycota","Dothideomycetes","Phaeotrichales","Unassigned","Unassigned","Unassigned",-43.8349399157578,4476.02708886833,-8816.84803409767,8729.17815426616,-0.00979326957711523,0.992186226305575,0.999999999659143,FALSE,TRUE,52143
"OTU715","Ascomycota","Dothideomycetes","Botryosphaeriales","Unassigned","Unassigned","Unassigned",-57.658503447382,159240931.002279,-312112282.42297,312112167.105963,-3.62083435988935e-07,0.999999711099217,0.999999999659143,FALSE,TRUE,118076
"OTU1283","Ascomycota","Lecanoromycetes","Unassigned","Unassigned","Unassigned","Unassigned",-58.5410006272844,308611567.190806,-604878730.234981,604878613.15298,-1.89691530878653e-07,0.999999848648056,0.999999999659143,FALSE,TRUE,52089
"OTU733","Ascomycota","Lecanoromycetes","Lecanorales","Psilolechiaceae","Psilolechiaceae_gen_Incertae_sedis","Unassigned",-58.885892101871,12.923001413695,-84.2149748727133,-33.5568093310287,-4.55667303723012,5.19702272723102e-06,9.88038623142176e-06,TRUE,TRUE,117425
"OTU1307","Ascomycota","Leotiomycetes","Leotiales","Tympanidaceae","Unassigned","Unassigned",-60.4335357346575,96971135.3016445,-190063485.624759,190063364.757688,-6.23211593291851e-07,0.999999502749092,0.999999999659143,FALSE,TRUE,40007
"OTU1203","Ascomycota","Dothideomycetes","Myriangiales","Myriangiales_fam_Incertae_sedis","Myriangiales_gen_Incertae_sedis","Unassigned",-66.8788267857352,0,-66.8788267857352,-66.8788267857352,-Inf,0,0,TRUE,TRUE,2785
"OTU1202","Ascomycota","Unassigned","Unassigned","Unassigned","Unassigned","Unassigned",-66.907062055537,156617465148.854,-306970231758.661,306970231624.847,-4.27200516825799e-10,0.999999999659143,0.999999999659143,FALSE,TRUE,2786
"OTU691","Ascomycota","Dothideomycetes","Dothideales","Unassigned","Unassigned","Unassigned",-67.8936106556932,10286012719.3106,-20160584997.7423,20160584861.9551,-6.60057619102808e-09,0.999999994733502,0.999999999659143,FALSE,TRUE,126263
"OTU788","Ascomycota","Dothideomycetes","Unassigned","Unassigned","Unassigned","Unassigned",-73.1712357788286,714278831.482551,-1399986582.87704,1399986436.53456,-1.02440717201369e-07,0.999999918264133,0.999999999659143,FALSE,TRUE,101085
"OTU331","Ascomycota","Sordariomycetes","Hypocreales","Nectriaceae","Fusarium","brevicaudatum",-75.4654472054711,70612144661.0478,-138399803611.119,138399803460.188,-1.06873183880365e-09,0.999999999147275,0.999999999659143,FALSE,TRUE,11810
"OTU657","Basidiomycota","Tremellomycetes","Filobasidiales","Filobasidiaceae","Naganishia","albida",-80.5418344181205,6.36024403424008e-07,-80.5418356647283,-80.5418331715126,-126633245.492669,0,0,TRUE,TRUE,6657
"OTU396","Ascomycota","Lecanoromycetes","Lecanorales","Parmeliaceae","Melanohalea","Unassigned",-83.5486591833834,0,-83.5486591833834,-83.5486591833834,-Inf,0,0,TRUE,TRUE,9568
"OTU74","Ascomycota","Leotiomycetes","Helotiales","Unassigned","Unassigned","Unassigned",-121.586487596439,1.03104889193313e-06,-121.586489617295,-121.586485575583,-117925045.599413,0,0,TRUE,TRUE,19880
"OTU731","Ascomycota","Sordariomycetes","Diaporthales","Melanconidaceae","Melanconis","Unassigned",-121.923653315548,0,-121.923653315548,-121.923653315548,-Inf,0,0,TRUE,TRUE,4362
"OTU388","Basidiomycota","Agaricomycetes","Agaricales","Strophariaceae","Hypholoma","capnoides 1",-142.484804598428,2.26903123218444e-06,-142.48480904573,-142.484800151127,-62795435.5926848,0,0,TRUE,TRUE,12659
"OTU582","Basidiomycota","Wallemiomycetes","Wallemiales","Wallemiaceae","Wallemia","marietelkesiae",-149.254957924662,0,-149.254957924662,-149.254957924662,-Inf,0,0,TRUE,TRUE,5821
"OTU473","Ascomycota","Dothideomycetes","Botryosphaeriales","Unassigned","Unassigned","Unassigned",-155.265907083952,2.62703123733375e-06,-155.265912232934,-155.265901934971,-59103182.6639169,0,0,TRUE,TRUE,7644
"OTU377","Basidiomycota","Agaricomycetes","Hymenochaetales","Hymenochaetales_fam_Incertae_sedis","Skvortzovia","furfuracea 1",-174.827616161678,0,-174.827616161678,-174.827616161678,-Inf,0,0,TRUE,TRUE,9810
"OTU557","Basidiomycota","Tremellomycetes","Filobasidiales","Filobasidiaceae","Naganishia","Unassigned",-192.968903150584,1.57546602640308e-06,-192.968906238497,-192.96890006267,-122483696.83423,0,0,TRUE,TRUE,6185
"OTU93","Ascomycota","Saccharomycetes","Saccharomycetales","Saccharomycetales_fam_Incertae_sedis","Candida","albicans",-204.463783171374,5.69985962069406e-07,-204.463784288547,-204.463782054202,-358717225.998063,0,0,TRUE,TRUE,19080
"OTU550","Ascomycota","Lecanoromycetes","Ostropales","Stictidaceae","Sphaeropezia","Unassigned",-255.786688174409,9.95163277962492e-07,-255.786690124929,-255.786686223889,-257029870.211961,0,0,TRUE,TRUE,6561
"OTU20","Basidiomycota","Tremellomycetes","Cystofilobasidiales","Mrakiaceae","Mrakia","aquatica",-263.161397264403,0,-263.161397264403,-263.161397264403,-Inf,0,0,TRUE,TRUE,1185
"OTU650","Basidiomycota","Malasseziomycetes","Malasseziales","Malasseziaceae","Malassezia","Unassigned",-266.383179258738,0,-266.383179258738,-266.383179258738,-Inf,0,0,TRUE,TRUE,4880
"OTU297","Ascomycota","Lecanoromycetes","Unassigned","Unassigned","Unassigned","Unassigned",-284.375140023911,5.18761548371373e-07,-284.375141040683,-284.375139007138,-548180837.451606,0,0,TRUE,TRUE,11917
"OTU1269","Ascomycota","Dothideomycetes","Pleosporales","Sporormiaceae","Sporormiella","Unassigned",-323.318712796113,0,-323.318712796113,-323.318712796113,-Inf,0,0,TRUE,TRUE,2094
"OTU167","Ascomycota","Unassigned","Unassigned","Unassigned","Unassigned","Unassigned",-323.472681229042,0,-323.472681229042,-323.472681229042,-Inf,0,0,TRUE,TRUE,18873
"OTU404","Ascomycota","Eurotiomycetes","Phaeomoniellales","Celotheliaceae","Paraphaeomoniella","Unassigned",-358.750053922999,0,-358.750053922999,-358.750053922999,-Inf,0,0,TRUE,TRUE,9213
"OTU308","Basidiomycota","Cystobasidiomycetes","Cystobasidiomycetes_ord_Incertae_sedis","Cystobasidiomycetes_fam_Incertae_sedis","Cystobasidiomycetes_gen_Incertae_sedis","Unassigned",-384.561103357858,4.20024189237385e-06,-384.561111590332,-384.561095125384,-91556894.3912694,0,0,TRUE,TRUE,13503
"OTU321","Ascomycota","Dothideomycetes","Phaeothecales","Phaeothecaceae","Phaeotheca","Unassigned",-394.198622364857,0,-394.198622364857,-394.198622364857,-Inf,0,0,TRUE,TRUE,12369
"OTU190","Ascomycota","Dothideomycetes","Dothideales","Dothideales_fam_Incertae_sedis","Dothideales_gen_Incertae_sedis","Unassigned",-441.956886928472,0,-441.956886928472,-441.956886928472,-Inf,0,0,TRUE,TRUE,16082
"OTU1445","Ascomycota","Dothideomycetes","Botryosphaeriales","Unassigned","Unassigned","Unassigned",-443.452476813908,0,-443.452476813908,-443.452476813908,-Inf,0,0,TRUE,TRUE,25511
