"OTU_ID","plant","slope","se","slope_lwr95","slope_upr95","z","p","q_BH","Genus","guild_group","separation"
"OTU1","Betula",-2.977,1.646,-6.204,0.249,-1.809,0.0705,0.192,"Thelebolus","coprophilous",FALSE
"OTU2","Betula",0.612,0.497,-0.363,1.587,1.231,0.218,0.382,"Myriangiales_gen_Incertae_sedis","other/unassigned",FALSE
"OTU9","Betula",1.376,0.757,-0.108,2.86,1.817,0.0692,0.192,"Cladosporium","plant_associated",FALSE
"OTU21","Betula",0.628,2.014,-3.319,4.575,0.312,0.755,NA,"Venturia","plant_associated",TRUE
"OTU32","Betula",-3.474,2.384,-8.146,1.198,-1.458,0.145,NA,"Phenoliferia","other/unassigned",TRUE
"OTU45","Betula",4.155,2.025,0.186,8.125,2.052,0.0402,0.134,"Coleophoma","plant_associated",FALSE
"OTU92","Betula",-3.341,1.149,-5.593,-1.09,-2.909,0.00363,0.0274,NA,"coprophilous",FALSE
"OTU97","Betula",-4.268,4.408,-12.908,4.372,-0.968,0.333,0.476,NA,"other/unassigned",FALSE
"OTU136","Betula",1.283,1.062,-0.798,3.364,1.209,0.227,0.386,"Candida","plant_associated",FALSE
"OTU175","Betula",-3.729,4.026,-11.62,4.162,-0.926,0.354,0.502,"Mrakiaceae_gen_Incertae_sedis","other/unassigned",FALSE
"OTU176","Betula",1.817,0.735,0.376,3.259,2.471,0.0135,0.0551,"Dothiora","other/unassigned",FALSE
"OTU192","Betula",2.156,2.46,-2.666,6.978,0.876,0.381,NA,"Kabatiella","plant_associated",TRUE
"OTU252","Betula",-1.638,1.181,-3.953,0.677,-1.386,0.166,0.327,NA,"plant_associated",FALSE
"OTU258","Betula",9.318,4.586,0.33,18.306,2.032,0.0421,NA,NA,"other/unassigned",TRUE
"OTU320","Betula",0.685,0.47,-0.236,1.607,1.458,0.145,0.307,NA,"other/unassigned",FALSE
"OTU340","Betula",15.036,28.75,-41.314,71.387,0.523,0.601,NA,"Cladosporium","plant_associated",TRUE
"OTU381","Betula",3.675,1.79,0.166,7.184,2.053,0.0401,0.134,NA,"other/unassigned",FALSE
"OTU483","Betula",-3.469,4.078,-11.463,4.525,-0.85,0.395,0.539,NA,"plant_associated",FALSE
"OTU554","Betula",2.559,1.495,-0.371,5.489,1.712,0.0869,0.217,"Exobasidium","plant_associated",FALSE
"OTU594","Betula",-0.499,1.687,-3.805,2.807,-0.296,0.767,NA,"Taphrina","plant_associated",TRUE
"OTU628","Betula",-0.304,1.532,-3.307,2.698,-0.199,0.843,0.877,"Frutidella","other/unassigned",FALSE
"OTU636","Betula",-8.891,3.073,-14.914,-2.868,-2.893,0.00381,0.0274,"Sporormiella","coprophilous",FALSE
"OTU637","Betula",1.004,0.864,-0.689,2.698,1.162,0.245,0.411,NA,"other/unassigned",FALSE
"OTU651","Betula",58.229,7.817,42.908,73.55,7.449,9.4e-14,NA,NA,"other/unassigned",TRUE
"OTU691","Betula",0.888,1.241,-1.544,3.321,0.716,0.474,0.611,NA,"other/unassigned",FALSE
"OTU715","Betula",4.69,4.225,-3.591,12.972,1.11,0.267,NA,NA,"other/unassigned",TRUE
"OTU733","Betula",-0.907,1.379,-3.611,1.797,-0.658,0.511,0.638,"Psilolechiaceae_gen_Incertae_sedis","other/unassigned",FALSE
"OTU758","Betula",1.032,1.204,-1.328,3.391,0.857,0.391,0.539,"Meristemomyces","plant_associated",FALSE
"OTU788","Betula",2.201,3.199,-4.069,8.472,0.688,0.491,NA,NA,"other/unassigned",TRUE
"OTU827","Betula",4.256,2.272,-0.196,8.708,1.874,0.061,0.192,NA,"other/unassigned",FALSE
"OTU911","Betula",-6.879,1.348,-9.522,-4.236,-5.102,3.36e-07,NA,NA,"other/unassigned",TRUE
"OTU1183","Betula",-1.086,1.246,-3.528,1.355,-0.872,0.383,NA,"Phenoliferia","other/unassigned",TRUE
"OTU1225","Betula",-3.751,1.405,-6.505,-0.997,-2.67,0.00759,0.038,"Coniochaeta","coprophilous",FALSE
"OTU1226","Betula",7.57,2.103,3.448,11.691,3.6,0.000318,NA,"Phenoliferia","other/unassigned",TRUE
"OTU1242","Betula",-2.782,3.437,-9.519,3.955,-0.809,0.418,NA,"Spirographa","other/unassigned",TRUE
"OTU1271","Betula",0.338,2.071,-3.721,4.397,0.163,0.87,NA,"Aureobasidium","plant_associated",TRUE
"OTU1279","Betula",0.902,1.193,-1.437,3.24,0.756,0.45,0.587,NA,"other/unassigned",FALSE
"OTU1283","Betula",-9.366,10.512,-29.97,11.238,-0.891,0.373,NA,NA,"other/unassigned",TRUE
"OTU1289","Betula",1.192,0.975,-0.719,3.103,1.222,0.222,0.384,"Dothideales_gen_Incertae_sedis","other/unassigned",FALSE
"OTU1305","Betula",-3.131,1.297,-5.672,-0.589,-2.414,0.0158,0.0617,NA,"coprophilous",FALSE
"OTU1320","Betula",0.371,0.519,-0.647,1.388,0.714,0.475,0.611,NA,"coprophilous",FALSE
"OTU1340","Betula",-0.664,8.599,-17.517,16.19,-0.077,0.938,NA,NA,"other/unassigned",TRUE
"OTU1365","Betula",3.326,2.416,-1.409,8.061,1.377,0.169,0.327,"Perusta","other/unassigned",FALSE
"OTU1369","Betula",0.483,0.4,-0.301,1.266,1.207,0.228,0.386,NA,"other/unassigned",FALSE
"OTU1370","Betula",2.521,1.466,-0.352,5.395,1.72,0.0855,0.217,NA,"other/unassigned",FALSE
"OTU1427","Betula",1.844,1.098,-0.307,3.995,1.68,0.0929,0.229,NA,"other/unassigned",FALSE
"OTU1","Vaccinium",5.004,3.411,-1.681,11.689,1.467,0.142,0.305,"Thelebolus","coprophilous",FALSE
"OTU2","Vaccinium",-1.276,0.959,-3.156,0.603,-1.331,0.183,0.335,"Myriangiales_gen_Incertae_sedis","other/unassigned",FALSE
"OTU9","Vaccinium",-2.689,1.442,-5.515,0.137,-1.865,0.0621,0.192,"Cladosporium","plant_associated",FALSE
"OTU21","Vaccinium",-1.937,2.875,-7.572,3.699,-0.674,0.501,NA,"Venturia","plant_associated",TRUE
"OTU32","Vaccinium",4.163,2.122,0.003,8.323,1.962,0.0498,NA,"Phenoliferia","other/unassigned",TRUE
"OTU45","Vaccinium",-5.156,1.914,-8.908,-1.405,-2.694,0.00706,0.0374,"Coleophoma","plant_associated",FALSE
"OTU92","Vaccinium",4.791,1.546,1.762,7.821,3.1,0.00194,0.0183,NA,"coprophilous",FALSE
"OTU97","Vaccinium",6.816,2.525,1.868,11.765,2.7,0.00694,0.0374,NA,"other/unassigned",FALSE
"OTU136","Vaccinium",-0.453,1.373,-3.144,2.239,-0.33,0.742,0.811,"Candida","plant_associated",FALSE
"OTU175","Vaccinium",6.034,4.611,-3.004,15.072,1.309,0.191,0.343,"Mrakiaceae_gen_Incertae_sedis","other/unassigned",FALSE
"OTU176","Vaccinium",-7.318,2.527,-12.27,-2.366,-2.896,0.00378,0.0274,"Dothiora","other/unassigned",FALSE
"OTU192","Vaccinium",-3.66,5.442,-14.326,7.006,-0.673,0.501,NA,"Kabatiella","plant_associated",TRUE
"OTU252","Vaccinium",2.177,1.425,-0.616,4.97,1.528,0.127,0.281,NA,"plant_associated",FALSE
"OTU258","Vaccinium",-10.784,7.026,-24.555,2.986,-1.535,0.125,NA,NA,"other/unassigned",TRUE
"OTU320","Vaccinium",-1.227,0.892,-2.975,0.522,-1.375,0.169,0.327,NA,"other/unassigned",FALSE
"OTU340","Vaccinium",-36.059,71.885,-176.955,104.836,-0.502,0.616,NA,"Cladosporium","plant_associated",TRUE
"OTU381","Vaccinium",-11.067,4.317,-19.528,-2.606,-2.564,0.0104,0.0478,NA,"other/unassigned",FALSE
"OTU483","Vaccinium",2.487,3.846,-5.05,10.025,0.647,0.518,0.643,NA,"plant_associated",FALSE
"OTU554","Vaccinium",-6.928,2.785,-12.386,-1.469,-2.488,0.0129,0.0551,"Exobasidium","plant_associated",FALSE
"OTU594","Vaccinium",1.739,2.973,-4.089,7.566,0.585,0.559,NA,"Taphrina","plant_associated",TRUE
"OTU628","Vaccinium",0.015,1.489,-2.903,2.934,0.01,0.992,0.992,"Frutidella","other/unassigned",FALSE
"OTU636","Vaccinium",12.252,3.378,5.632,18.872,3.627,0.000286,0.00396,"Sporormiella","coprophilous",FALSE
"OTU637","Vaccinium",-3.063,2.469,-7.902,1.776,-1.241,0.215,0.379,NA,"other/unassigned",FALSE
"OTU651","Vaccinium",-88.596,10.745,-109.656,-67.535,-8.245,1.65e-16,NA,NA,"other/unassigned",TRUE
"OTU691","Vaccinium",-1.958,2.443,-6.746,2.831,-0.801,0.423,0.568,NA,"other/unassigned",FALSE
"OTU715","Vaccinium",-14.397,7.211,-28.53,-0.264,-1.997,0.0459,NA,NA,"other/unassigned",TRUE
"OTU733","Vaccinium",2.512,3.135,-3.634,8.657,0.801,0.423,0.568,"Psilolechiaceae_gen_Incertae_sedis","other/unassigned",FALSE
"OTU758","Vaccinium",-0.926,1.171,-3.222,1.37,-0.79,0.429,0.572,"Meristemomyces","plant_associated",FALSE
"OTU788","Vaccinium",-9.812,7.294,-24.109,4.485,-1.345,0.179,NA,NA,"other/unassigned",TRUE
"OTU827","Vaccinium",-13.569,5.125,-23.613,-3.524,-2.648,0.0081,0.0394,NA,"other/unassigned",FALSE
"OTU911","Vaccinium",10.259,3.172,4.041,16.477,3.234,0.00122,NA,NA,"other/unassigned",TRUE
"OTU1183","Vaccinium",1.023,1.639,-2.19,4.236,0.624,0.533,NA,"Phenoliferia","other/unassigned",TRUE
"OTU1225","Vaccinium",5.478,1.95,1.655,9.301,2.809,0.00498,0.0331,"Coniochaeta","coprophilous",FALSE
"OTU1226","Vaccinium",-9.687,2.181,-13.961,-5.413,-4.442,8.92e-06,NA,"Phenoliferia","other/unassigned",TRUE
"OTU1242","Vaccinium",8.707,6.51,-4.052,21.467,1.338,0.181,NA,"Spirographa","other/unassigned",TRUE
"OTU1271","Vaccinium",-0.203,2.669,-5.435,5.03,-0.076,0.939,NA,"Aureobasidium","plant_associated",TRUE
"OTU1279","Vaccinium",-3.641,4.061,-11.6,4.317,-0.897,0.37,0.52,NA,"other/unassigned",FALSE
"OTU1283","Vaccinium",26.753,16.201,-5.001,58.507,1.651,0.0987,NA,NA,"other/unassigned",TRUE
"OTU1289","Vaccinium",-1.665,1.491,-4.586,1.257,-1.117,0.264,0.436,"Dothideales_gen_Incertae_sedis","other/unassigned",FALSE
"OTU1305","Vaccinium",4.326,1.747,0.901,7.751,2.476,0.0133,0.0551,NA,"coprophilous",FALSE
"OTU1320","Vaccinium",-0.127,0.792,-1.679,1.425,-0.161,0.872,0.897,NA,"coprophilous",FALSE
"OTU1340","Vaccinium",-0.257,14.155,-28.002,27.487,-0.018,0.985,NA,NA,"other/unassigned",TRUE
"OTU1365","Vaccinium",-8.906,5.52,-19.725,1.913,-1.613,0.107,0.246,"Perusta","other/unassigned",FALSE
"OTU1369","Vaccinium",-0.658,0.636,-1.905,0.589,-1.034,0.301,0.463,NA,"other/unassigned",FALSE
"OTU1370","Vaccinium",-7.349,3.973,-15.136,0.438,-1.85,0.0643,0.192,NA,"other/unassigned",FALSE
"OTU1427","Vaccinium",-4.994,2.525,-9.943,-0.044,-1.978,0.048,0.157,NA,"other/unassigned",FALSE
"OTU1","Empetrum",-6.05,4.262,-14.402,2.303,-1.42,0.156,0.317,"Thelebolus","coprophilous",FALSE
"OTU2","Empetrum",1.697,0.788,0.152,3.242,2.152,0.0314,0.109,"Myriangiales_gen_Incertae_sedis","other/unassigned",FALSE
"OTU9","Empetrum",-1.151,2.963,-6.958,4.657,-0.388,0.698,0.775,"Cladosporium","plant_associated",FALSE
"OTU21","Empetrum",1.107,1.582,-1.993,4.207,0.7,0.484,NA,"Venturia","plant_associated",TRUE
"OTU32","Empetrum",3.561,1.348,0.919,6.204,2.642,0.00825,NA,"Phenoliferia","other/unassigned",TRUE
"OTU45","Empetrum",4.386,1.188,2.058,6.715,3.692,0.000222,0.00334,"Coleophoma","plant_associated",FALSE
"OTU92","Empetrum",-2.756,1.152,-5.014,-0.497,-2.391,0.0168,0.0639,NA,"coprophilous",FALSE
"OTU97","Empetrum",2.362,1.376,-0.336,5.06,1.716,0.0861,0.217,NA,"other/unassigned",FALSE
"OTU136","Empetrum",1.385,2.101,-2.733,5.503,0.659,0.51,0.638,"Candida","plant_associated",FALSE
"OTU175","Empetrum",3.766,2.784,-1.69,9.222,1.353,0.176,0.332,"Mrakiaceae_gen_Incertae_sedis","other/unassigned",FALSE
"OTU176","Empetrum",3.728,1.563,0.665,6.791,2.386,0.017,0.0639,"Dothiora","other/unassigned",FALSE
"OTU192","Empetrum",-3.831,4.759,-13.159,5.496,-0.805,0.421,NA,"Kabatiella","plant_associated",TRUE
"OTU252","Empetrum",-0.035,1.244,-2.472,2.403,-0.028,0.978,0.983,NA,"plant_associated",FALSE
"OTU258","Empetrum",-1.851,3.279,-8.278,4.576,-0.565,0.572,NA,NA,"other/unassigned",TRUE
"OTU320","Empetrum",-0.644,0.612,-1.844,0.557,-1.051,0.293,0.463,NA,"other/unassigned",FALSE
"OTU340","Empetrum",-6.682,192.596,-384.17,370.806,-0.035,0.972,NA,"Cladosporium","plant_associated",TRUE
"OTU381","Empetrum",4.131,4.047,-3.801,12.064,1.021,0.307,0.465,NA,"other/unassigned",FALSE
"OTU483","Empetrum",4.967,0.987,3.032,6.902,5.032,4.86e-07,2.05e-05,NA,"plant_associated",FALSE
"OTU554","Empetrum",1.285,0.963,-0.603,3.173,1.334,0.182,0.335,"Exobasidium","plant_associated",FALSE
"OTU594","Empetrum",4.103,6.408,-8.458,16.664,0.64,0.522,NA,"Taphrina","plant_associated",TRUE
"OTU628","Empetrum",5.613,4.157,-2.534,13.76,1.35,0.177,0.332,"Frutidella","other/unassigned",FALSE
"OTU636","Empetrum",-0.543,1.757,-3.986,2.9,-0.309,0.757,0.816,"Sporormiella","coprophilous",FALSE
"OTU637","Empetrum",-5.114,3.094,-11.179,0.951,-1.653,0.0984,0.236,NA,"other/unassigned",FALSE
"OTU651","Empetrum",-32.959,3.598,-40.012,-25.906,-9.159,5.22e-20,NA,NA,"other/unassigned",TRUE
"OTU691","Empetrum",-0.736,1.981,-4.618,3.147,-0.371,0.71,0.784,NA,"other/unassigned",FALSE
"OTU715","Empetrum",-9.546,5.934,-21.176,2.084,-1.609,0.108,NA,NA,"other/unassigned",TRUE
"OTU733","Empetrum",1.292,2.562,-3.729,6.313,0.504,0.614,0.722,"Psilolechiaceae_gen_Incertae_sedis","other/unassigned",FALSE
"OTU758","Empetrum",3.092,1.105,0.926,5.257,2.798,0.00514,0.0331,"Meristemomyces","plant_associated",FALSE
"OTU788","Empetrum",-9.606,4.86,-19.132,-0.079,-1.976,0.0481,NA,NA,"other/unassigned",TRUE
"OTU827","Empetrum",-15.94,5.77,-27.249,-4.631,-2.763,0.00573,0.0333,NA,"other/unassigned",FALSE
"OTU911","Empetrum",-4.635,1.243,-7.071,-2.199,-3.729,0.000192,NA,NA,"other/unassigned",TRUE
"OTU1183","Empetrum",6.618,1.269,4.13,9.105,5.215,1.84e-07,NA,"Phenoliferia","other/unassigned",TRUE
"OTU1225","Empetrum",4.028,2.848,-1.554,9.609,1.414,0.157,0.317,"Coniochaeta","coprophilous",FALSE
"OTU1226","Empetrum",0.807,1.283,-1.707,3.322,0.629,0.529,NA,"Phenoliferia","other/unassigned",TRUE
"OTU1242","Empetrum",7.307,5.885,-4.228,18.841,1.242,0.214,NA,"Spirographa","other/unassigned",TRUE
"OTU1271","Empetrum",6.038,13.531,-20.484,32.56,0.446,0.655,NA,"Aureobasidium","plant_associated",TRUE
"OTU1279","Empetrum",0.859,2.085,-3.228,4.946,0.412,0.68,0.77,NA,"other/unassigned",FALSE
"OTU1283","Empetrum",15.616,6.84,2.209,29.022,2.283,0.0224,NA,NA,"other/unassigned",TRUE
"OTU1289","Empetrum",1.485,2.112,-2.655,5.626,0.703,0.482,0.615,"Dothideales_gen_Incertae_sedis","other/unassigned",FALSE
"OTU1305","Empetrum",2.906,2.143,-1.295,7.106,1.356,0.175,0.332,NA,"coprophilous",FALSE
"OTU1320","Empetrum",0.461,0.946,-1.392,2.315,0.488,0.626,0.731,NA,"coprophilous",FALSE
"OTU1340","Empetrum",17.357,23.083,-27.886,62.601,0.752,0.452,NA,NA,"other/unassigned",TRUE
"OTU1365","Empetrum",-8.625,5.442,-19.291,2.04,-1.585,0.113,0.257,"Perusta","other/unassigned",FALSE
"OTU1369","Empetrum",0.877,0.757,-0.607,2.362,1.159,0.247,0.411,NA,"other/unassigned",FALSE
"OTU1370","Empetrum",-6.258,2.298,-10.761,-1.754,-2.723,0.00646,0.0363,NA,"other/unassigned",FALSE
"OTU1427","Empetrum",2.359,0.879,0.637,4.082,2.684,0.00727,0.0374,NA,"other/unassigned",FALSE
"OTU1","Picea",-0.754,2.955,-6.545,5.037,-0.255,0.799,0.851,"Thelebolus","coprophilous",FALSE
"OTU2","Picea",0.401,1.749,-3.027,3.83,0.23,0.818,0.862,"Myriangiales_gen_Incertae_sedis","other/unassigned",FALSE
"OTU9","Picea",3.149,3.075,-2.879,9.177,1.024,0.306,0.465,"Cladosporium","plant_associated",FALSE
"OTU21","Picea",1.967,1.577,-1.124,5.058,1.247,0.212,NA,"Venturia","plant_associated",TRUE
"OTU32","Picea",-3.168,1.246,-5.611,-0.726,-2.542,0.011,NA,"Phenoliferia","other/unassigned",TRUE
"OTU45","Picea",-0.392,1.319,-2.977,2.192,-0.298,0.766,0.821,"Coleophoma","plant_associated",FALSE
"OTU92","Picea",-1.348,0.9,-3.111,0.415,-1.499,0.134,0.291,NA,"coprophilous",FALSE
"OTU97","Picea",-6.16,5.9,-17.723,5.404,-1.044,0.296,0.463,NA,"other/unassigned",FALSE
"OTU136","Picea",-2.362,1.31,-4.93,0.206,-1.802,0.0715,0.192,"Candida","plant_associated",FALSE
"OTU175","Picea",-6.426,6.573,-19.309,6.456,-0.978,0.328,0.473,"Mrakiaceae_gen_Incertae_sedis","other/unassigned",FALSE
"OTU176","Picea",8.765,2.34,4.18,13.351,3.746,0.000179,0.00323,"Dothiora","other/unassigned",FALSE
"OTU192","Picea",4.916,16.395,-27.218,37.05,0.3,0.764,NA,"Kabatiella","plant_associated",TRUE
"OTU252","Picea",-1.015,1.035,-3.044,1.015,-0.98,0.327,0.473,NA,"plant_associated",FALSE
"OTU258","Picea",1.647,7.171,-12.409,15.703,0.23,0.818,NA,NA,"other/unassigned",TRUE
"OTU320","Picea",1.385,1.336,-1.233,4.004,1.037,0.3,0.463,NA,"other/unassigned",FALSE
"OTU340","Picea",44.359,84.995,-122.231,210.949,0.522,0.602,NA,"Cladosporium","plant_associated",TRUE
"OTU381","Picea",12.224,8.669,-4.767,29.216,1.41,0.159,0.317,NA,"other/unassigned",FALSE
"OTU483","Picea",-0.643,2.047,-4.654,3.369,-0.314,0.754,0.816,NA,"plant_associated",FALSE
"OTU554","Picea",7.824,5.892,-3.725,19.374,1.328,0.184,0.335,"Exobasidium","plant_associated",FALSE
"OTU594","Picea",-4.562,8.695,-21.605,12.482,-0.525,0.6,NA,"Taphrina","plant_associated",TRUE
"OTU628","Picea",-2.371,1.314,-4.946,0.204,-1.805,0.0711,0.192,"Frutidella","other/unassigned",FALSE
"OTU636","Picea",-6.17,1.395,-8.904,-3.436,-4.423,9.74e-06,0.00025,"Sporormiella","coprophilous",FALSE
"OTU637","Picea",6.685,2.632,1.526,11.844,2.54,0.0111,0.0487,NA,"other/unassigned",FALSE
"OTU651","Picea",81.647,2.274,77.19,86.105,35.9,3.1e-282,NA,NA,"other/unassigned",TRUE
"OTU691","Picea",2.462,7.521,-12.279,17.203,0.327,0.743,0.811,NA,"other/unassigned",FALSE
"OTU715","Picea",18.246,23.697,-28.2,64.692,0.77,0.441,NA,NA,"other/unassigned",TRUE
"OTU733","Picea",-3.798,7.931,-19.342,11.746,-0.479,0.632,0.734,"Psilolechiaceae_gen_Incertae_sedis","other/unassigned",FALSE
"OTU758","Picea",-1.838,1.213,-4.216,0.54,-1.515,0.13,0.285,"Meristemomyces","plant_associated",FALSE
"OTU788","Picea",6.973,23.696,-39.471,53.416,0.294,0.769,NA,NA,"other/unassigned",TRUE
"OTU827","Picea",14.567,14.735,-14.313,43.447,0.989,0.323,0.473,NA,"other/unassigned",FALSE
"OTU911","Picea",-4.088,0.575,-5.216,-2.961,-7.107,1.19e-12,NA,NA,"other/unassigned",TRUE
"OTU1183","Picea",-3.327,0.741,-4.779,-1.875,-4.49,7.11e-06,NA,"Phenoliferia","other/unassigned",TRUE
"OTU1225","Picea",-5.434,1.311,-8.003,-2.865,-4.146,3.38e-05,0.000761,"Coniochaeta","coprophilous",FALSE
"OTU1226","Picea",3.62,1.435,0.808,6.432,2.523,0.0116,NA,"Phenoliferia","other/unassigned",TRUE
"OTU1242","Picea",-15.359,17.298,-49.262,18.545,-0.888,0.375,NA,"Spirographa","other/unassigned",TRUE
"OTU1271","Picea",-3.43,3.243,-9.785,2.926,-1.058,0.29,NA,"Aureobasidium","plant_associated",TRUE
"OTU1279","Picea",4.888,2.713,-0.43,10.207,1.802,0.0716,0.192,NA,"other/unassigned",FALSE
"OTU1283","Picea",-42.006,75.795,-190.564,106.553,-0.554,0.579,NA,NA,"other/unassigned",TRUE
"OTU1289","Picea",0.132,3.426,-6.583,6.847,0.039,0.969,0.98,"Dothideales_gen_Incertae_sedis","other/unassigned",FALSE
"OTU1305","Picea",-3.817,1.106,-5.986,-1.649,-3.451,0.000559,0.00671,NA,"coprophilous",FALSE
"OTU1320","Picea",-0.721,0.949,-2.582,1.14,-0.76,0.448,0.587,NA,"coprophilous",FALSE
"OTU1340","Picea",-7.281,44.82,-95.129,80.567,-0.162,0.871,NA,NA,"other/unassigned",TRUE
"OTU1365","Picea",7.479,13.251,-18.494,33.451,0.564,0.573,0.687,"Perusta","other/unassigned",FALSE
"OTU1369","Picea",-0.123,1.091,-2.262,2.016,-0.113,0.91,0.926,NA,"other/unassigned",FALSE
"OTU1370","Picea",11.586,10.771,-9.525,32.697,1.076,0.282,0.453,NA,"other/unassigned",FALSE
"OTU1427","Picea",4.892,4.657,-4.237,14.02,1.05,0.294,0.463,NA,"other/unassigned",FALSE
"OTU1","Calluna",0.36,0.841,-1.287,2.008,0.429,0.668,0.761,"Thelebolus","coprophilous",FALSE
"OTU2","Calluna",0.133,0.303,-0.461,0.728,0.44,0.66,0.757,"Myriangiales_gen_Incertae_sedis","other/unassigned",FALSE
"OTU9","Calluna",-0.067,0.45,-0.949,0.815,-0.15,0.881,0.901,"Cladosporium","plant_associated",FALSE
"OTU21","Calluna",0.578,0.921,-1.228,2.384,0.627,0.53,NA,"Venturia","plant_associated",TRUE
"OTU32","Calluna",2.175,1.039,0.137,4.212,2.092,0.0364,NA,"Phenoliferia","other/unassigned",TRUE
"OTU45","Calluna",-2.066,0.946,-3.919,-0.213,-2.185,0.0289,0.102,"Coleophoma","plant_associated",FALSE
"OTU92","Calluna",1.212,0.437,0.356,2.068,2.775,0.00551,0.0331,NA,"coprophilous",FALSE
"OTU97","Calluna",1.299,1.32,-1.288,3.887,0.984,0.325,0.473,NA,"other/unassigned",FALSE
"OTU136","Calluna",-1.493,0.826,-3.113,0.127,-1.807,0.0708,0.192,"Candida","plant_associated",FALSE
"OTU175","Calluna",1.155,2.843,-4.417,6.728,0.406,0.684,0.77,"Mrakiaceae_gen_Incertae_sedis","other/unassigned",FALSE
"OTU176","Calluna",2.987,1.076,0.879,5.095,2.777,0.00548,0.0331,"Dothiora","other/unassigned",FALSE
"OTU192","Calluna",-0.616,1.151,-2.871,1.639,-0.535,0.592,NA,"Kabatiella","plant_associated",TRUE
"OTU252","Calluna",0.784,0.472,-0.141,1.709,1.662,0.0965,0.235,NA,"plant_associated",FALSE
"OTU258","Calluna",-3.231,1.452,-6.077,-0.386,-2.226,0.026,NA,NA,"other/unassigned",TRUE
"OTU320","Calluna",-0.122,0.312,-0.733,0.49,-0.39,0.696,0.775,NA,"other/unassigned",FALSE
"OTU340","Calluna",4.555,3.867,-3.025,12.135,1.178,0.239,NA,"Cladosporium","plant_associated",TRUE
"OTU381","Calluna",3.076,0.537,2.023,4.129,5.726,1.03e-08,6.17e-07,NA,"other/unassigned",FALSE
"OTU483","Calluna",3.492,2.156,-0.733,7.718,1.62,0.105,0.246,NA,"plant_associated",FALSE
"OTU554","Calluna",1.482,0.475,0.552,2.412,3.123,0.00179,0.0179,"Exobasidium","plant_associated",FALSE
"OTU594","Calluna",-0.378,0.954,-2.248,1.493,-0.396,0.692,NA,"Taphrina","plant_associated",TRUE
"OTU628","Calluna",0.7,1.043,-1.344,2.743,0.671,0.502,0.636,"Frutidella","other/unassigned",FALSE
"OTU636","Calluna",3.916,0.516,2.904,4.927,7.587,3.27e-14,5.88e-12,"Sporormiella","coprophilous",FALSE
"OTU637","Calluna",0.579,0.408,-0.22,1.379,1.42,0.156,0.317,NA,"other/unassigned",FALSE
"OTU651","Calluna",-18.825,5.095,-28.812,-8.839,-3.695,0.00022,NA,NA,"other/unassigned",TRUE
"OTU691","Calluna",0.124,0.57,-0.994,1.241,0.217,0.828,0.867,NA,"other/unassigned",FALSE
"OTU715","Calluna",3.441,2.32,-1.107,7.989,1.483,0.138,NA,NA,"other/unassigned",TRUE
"OTU733","Calluna",-0.486,0.569,-1.601,0.628,-0.855,0.393,0.539,"Psilolechiaceae_gen_Incertae_sedis","other/unassigned",FALSE
"OTU758","Calluna",-0.686,0.791,-2.237,0.865,-0.867,0.386,0.538,"Meristemomyces","plant_associated",FALSE
"OTU788","Calluna",3.673,1.366,0.994,6.351,2.688,0.0072,NA,NA,"other/unassigned",TRUE
"OTU827","Calluna",3.148,1.083,1.025,5.271,2.906,0.00366,0.0274,NA,"other/unassigned",FALSE
"OTU911","Calluna",2.248,0.679,0.917,3.578,3.311,0.000929,NA,NA,"other/unassigned",TRUE
"OTU1183","Calluna",1.146,0.405,0.352,1.94,2.83,0.00466,NA,"Phenoliferia","other/unassigned",TRUE
"OTU1225","Calluna",1.618,0.428,0.779,2.457,3.78,0.000157,0.00314,"Coniochaeta","coprophilous",FALSE
"OTU1226","Calluna",-3.877,1.631,-7.073,-0.681,-2.378,0.0174,NA,"Phenoliferia","other/unassigned",TRUE
"OTU1242","Calluna",-2.09,0.8,-3.659,-0.521,-2.611,0.00903,NA,"Spirographa","other/unassigned",TRUE
"OTU1271","Calluna",-0.067,1.32,-2.654,2.52,-0.051,0.96,NA,"Aureobasidium","plant_associated",TRUE
"OTU1279","Calluna",1.444,0.791,-0.106,2.994,1.826,0.0679,0.192,NA,"other/unassigned",FALSE
"OTU1283","Calluna",-5.531,7.132,-19.508,8.447,-0.775,0.438,NA,NA,"other/unassigned",TRUE
"OTU1289","Calluna",-0.442,0.695,-1.804,0.92,-0.636,0.525,0.647,"Dothideales_gen_Incertae_sedis","other/unassigned",FALSE
"OTU1305","Calluna",1.514,0.409,0.712,2.315,3.701,0.000215,0.00334,NA,"coprophilous",FALSE
"OTU1320","Calluna",-0.431,0.336,-1.091,0.228,-1.282,0.2,0.356,NA,"coprophilous",FALSE
"OTU1340","Calluna",1.983,3.821,-5.506,9.473,0.519,0.604,NA,NA,"other/unassigned",TRUE
"OTU1365","Calluna",2.85,1.121,0.653,5.047,2.543,0.011,0.0487,"Perusta","other/unassigned",FALSE
"OTU1369","Calluna",-0.178,0.284,-0.734,0.377,-0.629,0.529,0.648,NA,"other/unassigned",FALSE
"OTU1370","Calluna",1.504,0.517,0.491,2.517,2.911,0.0036,0.0274,NA,"other/unassigned",FALSE
"OTU1427","Calluna",1.136,0.374,0.402,1.87,3.035,0.00241,0.0217,NA,"other/unassigned",FALSE
"OTU1","Eriophorum",2.191,0.854,0.517,3.866,2.565,0.0103,0.0478,"Thelebolus","coprophilous",FALSE
"OTU2","Eriophorum",-0.808,0.454,-1.697,0.081,-1.782,0.0748,0.198,"Myriangiales_gen_Incertae_sedis","other/unassigned",FALSE
"OTU9","Eriophorum",-1.22,0.782,-2.753,0.313,-1.56,0.119,0.267,"Cladosporium","plant_associated",FALSE
"OTU21","Eriophorum",-1.604,0.827,-3.226,0.017,-1.939,0.0525,NA,"Venturia","plant_associated",TRUE
"OTU32","Eriophorum",-0.41,0.661,-1.706,0.885,-0.621,0.535,NA,"Phenoliferia","other/unassigned",TRUE
"OTU45","Eriophorum",-0.368,0.677,-1.695,0.959,-0.543,0.587,0.696,"Coleophoma","plant_associated",FALSE
"OTU92","Eriophorum",1.086,0.449,0.206,1.966,2.418,0.0156,0.0617,NA,"coprophilous",FALSE
"OTU97","Eriophorum",1.872,1.312,-0.7,4.443,1.427,0.154,0.317,NA,"other/unassigned",FALSE
"OTU136","Eriophorum",1.378,1.813,-2.176,4.932,0.76,0.447,0.587,"Candida","plant_associated",FALSE
"OTU175","Eriophorum",1.615,2.663,-3.605,6.835,0.606,0.544,0.657,"Mrakiaceae_gen_Incertae_sedis","other/unassigned",FALSE
"OTU176","Eriophorum",-6.93,2.176,-11.194,-2.665,-3.185,0.00145,0.0163,"Dothiora","other/unassigned",FALSE
"OTU192","Eriophorum",-1.039,1.858,-4.679,2.602,-0.559,0.576,NA,"Kabatiella","plant_associated",TRUE
"OTU252","Eriophorum",0.212,0.391,-0.554,0.977,0.542,0.588,0.696,NA,"plant_associated",FALSE
"OTU258","Eriophorum",-3.37,2.056,-7.4,0.661,-1.639,0.101,NA,NA,"other/unassigned",TRUE
"OTU320","Eriophorum",-0.454,0.449,-1.334,0.426,-1.012,0.312,0.467,NA,"other/unassigned",FALSE
"OTU340","Eriophorum",-22.506,124.405,-266.339,221.327,-0.181,0.856,NA,"Cladosporium","plant_associated",TRUE
"OTU381","Eriophorum",-8.874,3.173,-15.094,-2.654,-2.796,0.00517,0.0331,NA,"other/unassigned",FALSE
"OTU483","Eriophorum",-2.701,0.854,-4.374,-1.028,-3.164,0.00155,0.0165,NA,"plant_associated",FALSE
"OTU554","Eriophorum",-5.042,3.071,-11.061,0.976,-1.642,0.101,0.238,"Exobasidium","plant_associated",FALSE
"OTU594","Eriophorum",1.175,1.799,-2.351,4.701,0.653,0.514,NA,"Taphrina","plant_associated",TRUE
"OTU628","Eriophorum",-0.878,1.434,-3.688,1.932,-0.613,0.54,0.657,"Frutidella","other/unassigned",FALSE
"OTU636","Eriophorum",1.743,0.778,0.218,3.269,2.24,0.0251,0.0903,"Sporormiella","coprophilous",FALSE
"OTU637","Eriophorum",-2.023,0.864,-3.716,-0.33,-2.342,0.0192,0.0704,NA,"other/unassigned",FALSE
"OTU651","Eriophorum",-23.625,2.478,-28.482,-18.769,-9.535,1.5e-21,NA,NA,"other/unassigned",TRUE
"OTU691","Eriophorum",-1.079,0.978,-2.995,0.838,-1.103,0.27,0.438,NA,"other/unassigned",FALSE
"OTU715","Eriophorum",-10.607,5.15,-20.701,-0.513,-2.06,0.0394,NA,NA,"other/unassigned",TRUE
"OTU733","Eriophorum",1.734,0.995,-0.217,3.685,1.742,0.0815,0.213,"Psilolechiaceae_gen_Incertae_sedis","other/unassigned",FALSE
"OTU758","Eriophorum",0.228,1.261,-2.243,2.7,0.181,0.857,0.886,"Meristemomyces","plant_associated",FALSE
"OTU788","Eriophorum",-8.611,2.407,-13.329,-3.892,-3.577,0.000348,NA,NA,"other/unassigned",TRUE
"OTU827","Eriophorum",-9.735,1.665,-12.999,-6.472,-5.847,5.02e-09,4.51e-07,NA,"other/unassigned",FALSE
"OTU911","Eriophorum",2.677,0.528,1.642,3.711,5.07,3.99e-07,NA,NA,"other/unassigned",TRUE
"OTU1183","Eriophorum",-0.894,0.391,-1.661,-0.127,-2.283,0.0224,NA,"Phenoliferia","other/unassigned",TRUE
"OTU1225","Eriophorum",0.831,0.452,-0.055,1.718,1.838,0.0661,0.192,"Coniochaeta","coprophilous",FALSE
"OTU1226","Eriophorum",-0.534,0.587,-1.685,0.616,-0.91,0.363,NA,"Phenoliferia","other/unassigned",TRUE
"OTU1242","Eriophorum",6.392,4.933,-3.278,16.061,1.296,0.195,NA,"Spirographa","other/unassigned",TRUE
"OTU1271","Eriophorum",-0.158,3.289,-6.604,6.289,-0.048,0.962,NA,"Aureobasidium","plant_associated",TRUE
"OTU1279","Eriophorum",-3.38,1.78,-6.869,0.109,-1.899,0.0576,0.185,NA,"other/unassigned",FALSE
"OTU1283","Eriophorum",18.814,1.917,15.058,22.57,9.817,9.53e-23,NA,NA,"other/unassigned",TRUE
"OTU1289","Eriophorum",-0.366,1.544,-3.392,2.66,-0.237,0.813,0.86,"Dothideales_gen_Incertae_sedis","other/unassigned",FALSE
"OTU1305","Eriophorum",0.405,0.414,-0.406,1.216,0.979,0.327,0.473,NA,"coprophilous",FALSE
"OTU1320","Eriophorum",0.398,0.36,-0.307,1.104,1.106,0.269,0.438,NA,"coprophilous",FALSE
"OTU1340","Eriophorum",-2.669,8.114,-18.573,13.235,-0.329,0.742,NA,NA,"other/unassigned",TRUE
"OTU1365","Eriophorum",-8.253,1.65,-11.488,-5.019,-5.002,5.69e-07,2.05e-05,"Perusta","other/unassigned",FALSE
"OTU1369","Eriophorum",-0.147,0.329,-0.791,0.498,-0.447,0.655,0.756,NA,"other/unassigned",FALSE
"OTU1370","Eriophorum",-5.109,1.031,-7.129,-3.089,-4.956,7.18e-07,2.15e-05,NA,"other/unassigned",FALSE
"OTU1427","Eriophorum",-3.74,1.056,-5.811,-1.669,-3.54,4e-04,0.00514,NA,"other/unassigned",FALSE
